word,period1,period2,occ1,occ2,degree,score_word2vec,score_camembert,score_dalembert
exposant,1770-1780,1789-1802,321,194,,0.9932,,
sortira,1700-1710,1710-1720,84,132,,0.9925,0.7168,
l'avenir,1780-1789,1789-1802,3801,3842,,0.987,,
feurs,1710-1720,1780-1789,214,604,,0.9863,0.5777,
rançon,1710-1720,1789-1802,120,186,,0.9821,0.1157,
guéres,1770-1780,1780-1789,183,77,,0.9815,,
rappel,1730-1740,1770-1780,172,553,,0.9767,,
altesse,1710-1720,1730-1740,406,488,,0.9731,,
venois,1710-1720,1720-1730,97,189,,0.972,0.7477,
l'étranger,1710-1720,1760-1770,86,1719,,0.9698,,
d'égard,1760-1770,1780-1789,124,178,,0.9692,,
aiant,1780-1789,1789-1802,383,102,,0.9677,,
apris,1780-1789,1789-1802,247,269,,0.9672,,
l'impuissance,1710-1720,1760-1770,60,234,,0.9594,,
quelqu'une,1710-1720,1770-1780,148,394,,0.9563,,
d'amis,1710-1720,1780-1789,120,548,,0.9524,,
sçais,1700-1710,1789-1802,101,79,,0.9519,0.9995,
obli,1700-1710,1780-1789,210,471,,0.9492,0.2937,
vuider,1730-1740,1789-1802,114,173,,0.9459,,
dignement,1730-1740,1760-1770,177,192,,0.9441,,
d'en,1710-1720,1740-1750,7563,10661,,0.9383,,
supposons,1700-1710,1730-1740,132,213,,0.9243,0.74,
d'etat,1740-1750,1789-1802,1548,1832,,0.9204,,
s'informer,1710-1720,1770-1780,86,282,,0.9201,,
paier,1760-1770,1789-1802,139,94,,0.9177,,
pour,1710-1720,1750-1760,175155,296485,,0.9132,0.0132,
d'exprimer,1700-1710,1720-1730,75,51,,0.9098,,
l'aumône,1720-1730,1750-1760,59,144,,0.9059,,
secrette,1740-1750,1789-1802,251,382,,0.9055,0.4075,
s'ef,1700-1710,1720-1730,59,126,,0.9044,,
coûter,1720-1730,1770-1780,63,397,,0.8997,,
d'application,1760-1770,1789-1802,153,137,,0.8992,,
répéter,1700-1710,1710-1720,67,125,,0.8972,0.382,
consistent,1710-1720,1770-1780,52,233,,0.896,0.6785,
impatient,1710-1720,1780-1789,103,356,,0.8957,,
d'épée,1700-1710,1750-1760,59,112,,0.8947,,
l'est,1730-1740,1789-1802,1158,4373,,0.8922,,
l'immortalité,1710-1720,1760-1770,100,440,,0.886,,
protestation,1710-1720,1760-1770,67,86,,0.885,0.4719,
dépendoit,1710-1720,1780-1789,71,427,,0.8826,0.955,
meure,1710-1720,1720-1730,223,213,,0.8824,,
sonner,1730-1740,1750-1760,185,172,,0.8816,0.6065,
gueres,1750-1760,1789-1802,695,295,,0.8744,0.5288,
relâcher,1710-1720,1730-1740,91,182,,0.874,0.8258,
reliefs,1730-1740,1740-1750,65,103,,0.8692,,
foye,1750-1760,1789-1802,1046,67,,0.8684,,
fruitiers,1710-1720,1760-1770,402,329,,0.8681,,
estre,1740-1750,1789-1802,2396,136,,0.867,,
l'oblige,1710-1720,1740-1750,61,92,,0.8664,,
regretter,1700-1710,1750-1760,51,331,,0.8655,0.1708,
teinte,1740-1750,1760-1770,127,474,,0.865,0.9334,
languir,1720-1730,1760-1770,81,343,,0.8607,0.6818,
senat,1760-1770,1789-1802,56,63,,0.8604,,
d'orléans,1720-1730,1770-1780,1253,1968,,0.8602,,
défenses,1710-1720,1789-1802,3710,480,,0.8601,,
sçavoir,1710-1720,1789-1802,2562,339,,0.86,,
convint,1700-1710,1789-1802,63,426,,0.8597,0.789,
infideles,1720-1730,1789-1802,63,83,,0.8584,,
souviens,1770-1780,1780-1789,615,743,,0.8569,,
enleva,1710-1720,1740-1750,80,202,,0.8558,0.5317,
culier,1710-1720,1789-1802,70,182,,0.8551,,
guérison,1710-1720,1750-1760,109,264,,0.853,0.2518,
jeûne,1720-1730,1760-1770,105,147,,0.8509,0.1132,
travailloit,1720-1730,1750-1760,139,264,,0.8501,,
l'indignation,1700-1710,1730-1740,59,214,,0.8462,,
rions,1720-1730,1760-1770,184,388,,0.8426,0.2586,
librairie,1720-1730,1789-1802,111,185,,0.8421,0.848,
cune,1720-1730,1770-1780,170,645,,0.8416,0.3967,
qu'étant,1720-1730,1770-1780,442,1037,,0.8411,,
prouvée,1710-1720,1730-1740,66,134,,0.841,0.702,
guere,1730-1740,1789-1802,193,384,,0.8371,0.7868,
d'étonnement,1720-1730,1780-1789,56,315,,0.8364,,
milice,1720-1730,1730-1740,428,451,,0.8322,0.7022,
d'espace,1720-1730,1789-1802,100,172,,0.8308,,
reglé,1780-1789,1789-1802,78,50,,0.8302,,
embarrassé,1780-1789,1789-1802,480,450,,0.8285,0.7689,
n'appartient,1700-1710,1720-1730,82,132,,0.8283,,
palier,1710-1720,1789-1802,126,196,,0.8283,,
deviné,1710-1720,1720-1730,68,51,,0.8282,0.3659,
remettant,1700-1710,1730-1740,81,135,,0.8259,0.7643,
commençons,1710-1720,1780-1789,77,309,,0.8252,0.2878,
nage,1760-1770,1780-1789,459,809,,0.8241,0.0574,
n'oublia,1750-1760,1780-1789,100,164,,0.8235,,
moururent,1720-1730,1730-1740,81,76,,0.8227,0.7144,
l'attaquer,1710-1720,1750-1760,51,194,,0.8205,,
voyager,1700-1710,1730-1740,84,121,,0.8203,0.1862,
l'accepter,1720-1730,1770-1780,62,150,,0.818,,
tendoit,1700-1710,1750-1760,67,244,,0.8179,0.6802,
mâles,1710-1720,1780-1789,177,1039,,0.8164,,
pére,1720-1730,1780-1789,865,129,,0.8136,,
purifie,1700-1710,1720-1730,89,96,,0.8127,,
revenoit,1720-1730,1730-1740,162,415,,0.8108,0.9315,
trêve,1700-1710,1710-1720,81,60,,0.8082,,
d'expérience,1770-1780,1789-1802,445,293,,0.8069,,
gallicane,1700-1710,1750-1760,104,98,,0.8046,,
omis,1700-1710,1710-1720,70,68,,0.8035,0.0303,
défendoit,1720-1730,1740-1750,90,163,,0.803,0.8047,
conviens,1750-1760,1789-1802,594,855,,0.8015,0.7988,
comptoit,1700-1710,1720-1730,113,192,,0.8001,0.8786,
commencez,1700-1710,1760-1770,94,243,,0.7996,,
fendu,1710-1720,1730-1740,78,81,,0.7982,0.2141,
livra,1700-1710,1710-1720,82,81,,0.7981,0.3378,
éternellement,1780-1789,1789-1802,532,539,,0.7973,,
d'agrément,1780-1789,1789-1802,329,207,,0.7951,,
choisie,1720-1730,1740-1750,71,152,,0.7939,0.2383,
dont,1760-1770,1770-1780,97594,133578,,0.7938,0.2145,
suffisant,1750-1760,1770-1780,263,451,,0.7927,0.3595,
refroidir,1740-1750,1789-1802,96,163,,0.7926,,
travailla,1710-1720,1789-1802,97,249,,0.7875,,
refaits,1740-1750,1789-1802,91,71,,0.7861,,
l'attendre,1700-1710,1710-1720,60,73,,0.7847,,
qu'ont,1700-1710,1740-1750,191,451,,0.7842,,
cabinets,1770-1780,1789-1802,496,682,,0.7823,,
péri,1700-1710,1710-1720,53,86,,0.7796,0.1008,
comprit,1710-1720,1750-1760,88,195,,0.7768,0.2526,
n'au,1720-1730,1730-1740,99,155,,0.7766,,
d'inquiétude,1720-1730,1770-1780,54,334,,0.776,,
dommages,1760-1770,1770-1780,1148,849,,0.7751,,
défunt,1750-1760,1780-1789,396,483,,0.7743,,
l'attaque,1710-1720,1720-1730,70,384,,0.7734,,
crever,1730-1740,1760-1770,97,130,,0.773,,
d'habits,1700-1710,1720-1730,81,86,,0.7728,,
qu'avoit,1720-1730,1789-1802,149,625,,0.7725,,
conta,1760-1770,1770-1780,152,251,,0.7694,,
confia,1710-1720,1720-1730,67,78,,0.7671,0.5893,
saluer,1740-1750,1750-1760,207,51,,0.7667,,
ordon,1780-1789,1789-1802,617,429,,0.7653,0.0853,
s'adressant,1710-1720,1750-1760,98,137,,0.7651,,
manuscrits,1710-1720,1789-1802,875,524,,0.7649,,
d'hercule,1700-1710,1789-1802,51,241,,0.7631,,
méritoit,1720-1730,1780-1789,170,824,,0.7625,0.8304,
corporelle,1750-1760,1789-1802,187,136,,0.762,,
breuvage,1720-1730,1730-1740,59,133,,0.7617,,
s'et,1700-1710,1710-1720,63,50,,0.7606,,
promettant,1710-1720,1750-1760,90,326,,0.76,0.4699,
accommoder,1760-1770,1780-1789,124,175,,0.7596,,
discerner,1740-1750,1750-1760,209,271,,0.759,,
ferveur,1710-1720,1720-1730,83,63,,0.758,,
profanes,1740-1750,1770-1780,118,352,,0.7575,,
acquisition,1720-1730,1760-1770,50,185,,0.7556,,
s'adresser,1730-1740,1760-1770,106,623,,0.7548,,
commise,1700-1710,1770-1780,90,399,,0.7534,0.4661,
premiére,1780-1789,1789-1802,115,97,,0.7532,,
avoué,1700-1710,1720-1730,61,84,,0.7529,0.0907,
purgatoire,1700-1710,1710-1720,54,86,,0.7527,0.7047,
dose,1730-1740,1789-1802,70,329,,0.7514,0.1857,
s'exprime,1700-1710,1760-1770,54,455,,0.7507,,
c'cst,1710-1720,1740-1750,109,615,,0.7504,,
remarqua,1730-1740,1750-1760,143,196,,0.7469,,
continuoit,1720-1730,1789-1802,86,294,,0.7468,0.7733,
croirois,1710-1720,1750-1760,100,292,,0.7455,0.9035,
l'ornement,1700-1710,1750-1760,97,264,,0.7443,,
proches,1710-1720,1760-1770,385,584,,0.7436,,
perde,1700-1710,1780-1789,115,333,,0.7428,0.7159,
l'oreille,1710-1720,1740-1750,398,650,,0.7427,,
repasser,1720-1730,1760-1770,72,244,,0.7413,0.3958,
mineurs,1720-1730,1770-1780,180,1245,,0.7405,,
cabane,1710-1720,1770-1780,59,481,,0.7375,0.349,
prescrire,1710-1720,1720-1730,141,76,,0.7375,0.2432,
assembla,1730-1740,1780-1789,150,346,,0.7361,,
expliquez,1710-1720,1720-1730,138,118,,0.736,,
tousses,1780-1789,1789-1802,304,431,,0.7345,0.1678,
feize,1710-1720,1780-1789,52,944,,0.7343,0.8076,
assurent,1760-1770,1789-1802,426,620,,0.7341,0.2604,
attribuent,1710-1720,1760-1770,76,284,,0.7336,0.7828,
promise,1760-1770,1789-1802,265,462,,0.7335,,
scait,1750-1760,1789-1802,393,62,,0.7319,,
passera,1720-1730,1740-1750,102,160,,0.7314,0.1937,
devienne,1700-1710,1720-1730,93,110,,0.7302,0.6525,
croirai,1700-1710,1730-1740,60,115,,0.7287,0.8328,
d'honneurs,1710-1720,1740-1750,53,130,,0.7276,,
détaché,1710-1720,1750-1760,73,174,,0.7253,0.1015,
enterrer,1720-1730,1730-1740,115,99,,0.7208,,
l'or,1720-1730,1740-1750,1275,2048,,0.7193,,
préparation,1700-1710,1730-1740,79,207,,0.7192,0.1611,
resolu,1760-1770,1789-1802,68,90,,0.7188,,
accepta,1710-1720,1760-1770,69,170,,0.7175,0.387,
d'écrire,1700-1710,1710-1720,302,308,,0.7171,,
produisit,1720-1730,1750-1760,168,441,,0.717,0.4561,
l'heureux,1700-1710,1740-1750,103,261,,0.7165,,
portât,1700-1710,1710-1720,51,69,,0.7141,0.794,
retournez,1700-1710,1720-1730,60,78,,0.713,,
pourvû,1780-1789,1789-1802,91,82,,0.7123,,
rompit,1740-1750,1770-1780,297,253,,0.7118,,
pasteur,1710-1720,1750-1760,160,200,,0.7112,,
recommanda,1710-1720,1720-1730,50,69,,0.71,0.5293,
esperer,1740-1750,1789-1802,456,62,,0.7093,,
l'éternité,1710-1720,1750-1760,71,225,,0.7087,,
répondoit,1710-1720,1780-1789,78,610,,0.7069,0.9073,
communion,1770-1780,1780-1789,714,697,,0.7057,,
perdra,1710-1720,1730-1740,163,102,,0.7054,0.6739,
maréchaux,1780-1789,1789-1802,423,391,,0.7041,,
sortoit,1730-1740,1750-1760,113,136,,0.7036,0.7997,
l'heure,1740-1750,1760-1770,1164,1375,,0.7034,,
l'habit,1700-1710,1720-1730,180,255,,0.7026,,
parcouru,1710-1720,1760-1770,80,359,,0.7025,0.5215,
d'avantage,1710-1720,1740-1750,303,553,,0.7018,,
tommes,1700-1710,1710-1720,101,119,,0.7011,0.3088,
releva,1710-1720,1720-1730,55,85,,0.6995,0.1924,
joueur,1700-1710,1720-1730,212,88,,0.6984,,
bague,1720-1730,1730-1740,82,96,,0.6971,,
incommodé,1700-1710,1710-1720,87,50,,0.6939,,
bâtards,1710-1720,1730-1740,481,65,,0.6938,,
marquent,1730-1740,1780-1789,351,333,,0.6938,0.6162,
paysan,1710-1720,1789-1802,173,820,,0.6915,0.6638,
assemblage,1770-1780,1789-1802,595,356,,0.6889,0.2715,
bâtard,1740-1750,1770-1780,147,269,,0.6882,,
s'accorder,1750-1760,1760-1770,232,241,,0.6879,,
recommencer,1700-1710,1780-1789,108,474,,0.6875,0.2416,
fache,1700-1710,1720-1730,67,77,,0.6857,0.7271,
l'empêcher,1710-1720,1740-1750,166,297,,0.6856,,
habiller,1750-1760,1760-1770,77,119,,0.6819,,
s'approcher,1710-1720,1750-1760,66,152,,0.6815,,
amples,1770-1780,1789-1802,169,115,,0.6812,,
sacremens,1720-1730,1780-1789,256,279,,0.6793,,
cacha,1720-1730,1750-1760,63,111,,0.6792,,
sentant,1710-1720,1720-1730,117,126,,0.6784,0.4026,
s'entendre,1710-1720,1789-1802,122,448,,0.6761,,
reconnoît,1740-1750,1789-1802,415,618,,0.6752,0.7577,
aîles,1720-1730,1780-1789,506,596,,0.6742,,
paie,1710-1720,1730-1740,110,207,,0.6736,0.6307,
refuté,1720-1730,1770-1780,80,325,,0.6732,0.6659,
omettre,1710-1720,1789-1802,80,252,,0.6714,0.6327,
sauva,1710-1720,1730-1740,103,116,,0.6713,0.654,
l'étonnement,1700-1710,1789-1802,57,319,,0.6687,,
continuez,1720-1730,1780-1789,123,325,,0.668,0.3873,
stipulé,1710-1720,1789-1802,62,270,,0.6667,0.9556,
espere,1710-1720,1750-1760,91,172,,0.6649,0.6857,
inventé,1700-1710,1720-1730,155,163,,0.6648,,
rapporta,1700-1710,1730-1740,57,137,,0.6646,0.5047,
pinceau,1710-1720,1770-1780,214,976,,0.6632,,
derrière,1730-1740,1789-1802,552,2515,,0.6631,,
examinons,1710-1720,1770-1780,87,516,,0.6626,0.4622,
pratiqué,1720-1730,1770-1780,332,750,,0.6625,,
parût,1700-1710,1720-1730,144,134,,0.6618,,
chrif,1760-1770,1770-1780,118,88,,0.6617,,
sçait,1720-1730,1789-1802,998,120,,0.6616,,
l'après,1740-1750,1789-1802,352,588,,0.659,,
tirez,1720-1730,1740-1750,497,227,,0.6586,,
confirma,1730-1740,1760-1770,270,354,,0.658,0.4803,
prédit,1710-1720,1720-1730,190,144,,0.6572,0.0367,
plaignoit,1710-1720,1720-1730,62,101,,0.6571,0.8889,
gouvernail,1730-1740,1750-1760,106,136,,0.6565,,
m'étonne,1720-1730,1760-1770,155,255,,0.6557,,
permettra,1720-1730,1740-1750,87,170,,0.6536,0.3559,
remontrance,1700-1710,1789-1802,99,99,,0.6528,,
partez,1720-1730,1740-1750,97,124,,0.6523,,
d'avis,1730-1740,1789-1802,646,733,,0.6523,,
recherché,1710-1720,1750-1760,117,270,,0.6515,0.0259,
certificats,1740-1750,1789-1802,330,973,,0.6512,0.4414,
faison,1710-1720,1720-1730,104,187,,0.6498,0.7045,
vantent,1700-1710,1710-1720,59,50,,0.6498,,
reins,1700-1710,1740-1750,141,481,,0.6489,0.9424,
pcre,1710-1720,1760-1770,55,124,,0.6475,,
enseigné,1730-1740,1740-1750,234,281,,0.6474,,
distinguent,1710-1720,1760-1770,94,440,,0.6459,0.6567,
délais,1700-1710,1789-1802,128,716,,0.6454,,
écoit,1710-1720,1720-1730,68,124,,0.6453,0.7187,
proposoit,1710-1720,1780-1789,74,861,,0.6424,0.9771,
ignoré,1710-1720,1730-1740,109,250,,0.6421,0.1089,
revienne,1720-1730,1760-1770,60,131,,0.64,0.5097,
communiqué,1720-1730,1760-1770,185,395,,0.6399,0.5141,
incomparable,1700-1710,1760-1770,103,147,,0.6393,,
l'infante,1720-1730,1760-1770,142,67,,0.6376,,
copier,1700-1710,1720-1730,106,106,,0.6357,0.0423,
obligent,1730-1740,1760-1770,115,294,,0.6349,0.8798,
précipitation,1700-1710,1750-1760,124,419,,0.6343,0.2898,
prophete,1740-1750,1760-1770,144,92,,0.6322,,
l'épée,1730-1740,1740-1750,663,570,,0.6321,,
s'avisa,1700-1710,1760-1770,55,91,,0.6316,,
immortels,1710-1720,1730-1740,323,399,,0.6305,0.7173,
edifices,1700-1710,1789-1802,77,51,,0.6301,,
détachement,1710-1720,1789-1802,65,913,,0.6279,,
tontes,1720-1730,1760-1770,86,138,,0.6271,0.3818,
absent,1720-1730,1730-1740,114,273,,0.6257,,
moisson,1730-1740,1750-1760,55,199,,0.6254,0.9279,
reprises,1760-1770,1780-1789,819,903,,0.6249,0.7497,
methode,1780-1789,1789-1802,119,79,,0.6247,,
excessive,1720-1730,1730-1740,112,141,,0.6238,0.2041,
d'ordinaire,1780-1789,1789-1802,620,291,,0.622,,
considerer,1770-1780,1780-1789,122,235,,0.6216,,
works,1730-1740,1789-1802,262,220,,0.6204,,
fortoit,1710-1720,1740-1750,53,157,,0.6201,0.7704,
magnifiquement,1710-1720,1720-1730,88,119,,0.62,,
consens,1710-1720,1760-1770,176,231,,0.6191,,
s'établir,1710-1720,1720-1730,151,210,,0.6187,,
oppositions,1710-1720,1750-1760,634,333,,0.6174,,
trouvois,1700-1710,1710-1720,78,53,,0.617,0.8909,
exigé,1720-1730,1730-1740,61,286,,0.616,0.4493,
susdit,1740-1750,1760-1770,75,148,,0.6147,,
qu'ai,1710-1720,1730-1740,92,168,,0.6143,,
m'oblige,1700-1710,1710-1720,64,61,,0.6119,,
enseignent,1750-1760,1789-1802,122,91,,0.6114,,
écouté,1710-1720,1730-1740,100,284,,0.6111,,
reviendra,1710-1720,1740-1750,111,167,,0.6098,0.6662,
évité,1710-1720,1720-1730,64,56,,0.6096,0.4093,
remuer,1710-1720,1740-1750,312,348,,0.6082,,
gentil,1710-1720,1730-1740,129,184,,0.6074,0.3256,
matelot,1700-1710,1730-1740,110,93,,0.6055,,
jouent,1770-1780,1789-1802,380,305,,0.6051,,
chats,1710-1720,1720-1730,94,381,,0.6021,0.564,
pompeux,1760-1770,1780-1789,244,551,,0.599,0.3549,
d'armée,1730-1740,1789-1802,330,441,,0.5954,,
empêcha,1700-1710,1710-1720,89,61,,0.5947,,
l'aile,1710-1720,1789-1802,63,397,,0.5945,,
d'avoir,1710-1720,1730-1740,4584,7144,,0.5943,,
d'aller,1720-1730,1780-1789,1445,5281,,0.5933,,
contenté,1780-1789,1789-1802,473,262,,0.5932,,
passons,1700-1710,1780-1789,74,592,,0.5926,0.3196,
parente,1710-1720,1720-1730,64,79,,0.5922,,
douté,1740-1750,1780-1789,133,326,,0.5914,0.8382,
rudes,1780-1789,1789-1802,542,269,,0.5905,,
enfoncer,1710-1720,1750-1760,56,67,,0.5896,,
inconveniens,1770-1780,1789-1802,107,135,,0.5895,,
suive,1700-1710,1780-1789,60,272,,0.5894,0.5413,
pilote,1710-1720,1760-1770,205,497,,0.589,,
poules,1730-1740,1789-1802,210,351,,0.5879,,
brisé,1720-1730,1770-1780,73,479,,0.5877,0.2547,
gouvernante,1730-1740,1740-1750,200,386,,0.5871,,
laide,1720-1730,1740-1750,90,208,,0.587,,
chretiens,1750-1760,1789-1802,60,52,,0.5863,,
représenta,1700-1710,1789-1802,136,387,,0.5858,0.7916,
poursuivi,1700-1710,1710-1720,111,114,,0.5853,0.3506,
chanoine,1760-1770,1780-1789,389,555,,0.585,,
fendre,1740-1750,1760-1770,256,571,,0.5848,,
d'or,1720-1730,1760-1770,5683,11958,,0.5847,,
hoirs,1750-1760,1770-1780,51,161,,0.5833,,
promenant,1720-1730,1730-1740,71,99,,0.5833,0.7873,
consulat,1730-1740,1789-1802,167,387,,0.5821,,
vicaires,1740-1750,1760-1770,184,246,,0.5801,,
spirituelles,1730-1740,1760-1770,50,132,,0.5801,,
fournie,1720-1730,1740-1750,121,192,,0.5787,0.6324,
saurai,1720-1730,1740-1750,52,71,,0.5783,,
visages,1780-1789,1789-1802,423,305,,0.5779,,
priere,1720-1730,1730-1740,519,572,,0.5769,,
éclats,1760-1770,1789-1802,405,495,,0.5764,,
toucha,1710-1720,1720-1730,70,81,,0.5756,,
requises,1710-1720,1770-1780,115,234,,0.5753,,
négligé,1710-1720,1730-1740,130,340,,0.5752,0.1566,
cadets,1730-1740,1789-1802,51,295,,0.5751,,
confesseur,1710-1720,1740-1750,314,113,,0.5741,,
devrois,1720-1730,1740-1750,89,155,,0.5731,,
dérobé,1760-1770,1770-1780,186,258,,0.5727,,
emporta,1700-1710,1740-1750,87,132,,0.5724,,
qu'au,1700-1710,1730-1740,1563,3143,,0.5722,,
tournent,1700-1710,1780-1789,99,472,,0.5719,0.7083,
offrandes,1700-1710,1720-1730,50,139,,0.5715,0.9039,
ecrit,1720-1730,1740-1750,226,484,,0.5699,,
cultivé,1750-1760,1770-1780,504,1014,,0.569,0.099,
iroit,1710-1720,1720-1730,132,143,,0.5668,0.6353,
d'étendue,1720-1730,1789-1802,100,620,,0.5666,,
l'avocat,1750-1760,1789-1802,275,502,,0.5664,,
connois,1700-1710,1750-1760,94,384,,0.5661,0.7693,
mariées,1720-1730,1780-1789,70,278,,0.5635,,
valu,1720-1730,1730-1740,91,125,,0.5629,0.7304,
aife,1720-1730,1789-1802,53,98,,0.5628,,
poursuivit,1730-1740,1780-1789,251,460,,0.5618,,
proposées,1700-1710,1789-1802,68,390,,0.5616,0.9083,
égaler,1700-1710,1720-1730,64,83,,0.5611,0.7341,
l'amiral,1730-1740,1760-1770,304,1630,,0.5607,,
mécontent,1700-1710,1730-1740,62,181,,0.5596,0.2214,
l'artillerie,1700-1710,1720-1730,106,250,,0.5593,,
l'espace,1700-1710,1789-1802,291,1728,,0.5579,,
menoit,1700-1710,1760-1770,69,126,,0.5578,0.6479,
s'avança,1710-1720,1780-1789,54,415,,0.5577,,
bergers,1770-1780,1780-1789,787,982,,0.5576,,
annoncé,1720-1730,1750-1760,58,268,,0.5564,0.2384,
brutal,1720-1730,1770-1780,72,195,,0.5562,,
icelui,1760-1770,1789-1802,339,113,,0.5544,,
l'arrêter,1710-1720,1720-1730,77,75,,0.5537,,
retrancher,1700-1710,1720-1730,212,245,,0.5536,0.699,
rejettent,1700-1710,1730-1740,71,61,,0.5531,,
septieme,1720-1730,1750-1760,55,238,,0.5519,0.886,
cerveau,1750-1760,1789-1802,471,458,,0.5511,,
c'els,1710-1720,1730-1740,86,58,,0.5502,,
suivons,1760-1770,1780-1789,295,352,,0.5495,0.0093,
d'expliquer,1730-1740,1740-1750,267,330,,0.5488,,
choqué,1720-1730,1789-1802,63,133,,0.5486,0.3857,
députation,1720-1730,1789-1802,106,1492,,0.5482,0.9508,
c'er,1720-1730,1750-1760,88,120,,0.5481,,
regardons,1740-1750,1770-1780,113,331,,0.5481,,
supposent,1720-1730,1789-1802,84,387,,0.5477,0.636,
c'eil,1720-1730,1730-1740,92,145,,0.5472,,
foit,1700-1710,1789-1802,226,387,,0.5461,0.4565,
mettrai,1700-1710,1720-1730,93,81,,0.546,0.8424,
bibliotheque,1710-1720,1750-1760,97,682,,0.5456,,
secretaires,1710-1720,1789-1802,301,88,,0.5452,,
croître,1730-1740,1740-1750,269,381,,0.5443,0.2507,
embarquer,1710-1720,1770-1780,73,171,,0.5439,,
susdites,1700-1710,1789-1802,115,105,,0.5438,,
commandemens,1770-1780,1789-1802,196,239,,0.5435,,
privilege,1740-1750,1789-1802,536,502,,0.5432,,
richement,1710-1720,1770-1780,69,285,,0.5424,,
jeta,1710-1720,1720-1730,170,93,,0.5416,,
scpt,1740-1750,1750-1760,173,320,,0.5405,,
d'espagne,1710-1720,1720-1730,3111,1882,,0.5391,,
restait,1710-1720,1740-1750,141,52,,0.5385,0.8334,
frappa,1710-1720,1730-1740,74,218,,0.538,,
convienne,1710-1720,1760-1770,86,248,,0.5377,0.8727,
saura,1710-1720,1720-1730,74,71,,0.5364,0.3198,
perc,1700-1710,1789-1802,140,130,,0.5363,,
destine,1720-1730,1760-1770,125,584,,0.536,,
saçon,1710-1720,1780-1789,136,1946,,0.5354,0.6685,
n'entre,1710-1720,1740-1750,129,165,,0.5348,,
xxxix,1730-1740,1750-1760,213,246,,0.5344,0.3334,
noces,1740-1750,1760-1770,233,411,,0.534,,
jolis,1710-1720,1720-1730,60,59,,0.5336,0.1064,
apostolique,1740-1750,1770-1780,223,212,,0.5332,,
partent,1700-1710,1720-1730,107,155,,0.5325,0.8515,
goûté,1740-1750,1789-1802,171,276,,0.5324,,
d'envie,1750-1760,1780-1789,298,570,,0.5322,,
profita,1710-1720,1750-1760,97,296,,0.5308,0.4971,
forfait,1710-1720,1720-1730,102,76,,0.5308,0.6017,
sixième,1720-1730,1740-1750,57,138,,0.5305,,
j'espere,1710-1720,1720-1730,196,121,,0.5298,,
reliques,1720-1730,1740-1750,443,160,,0.5295,,
piqué,1760-1770,1770-1780,292,549,,0.5293,,
contraintes,1700-1710,1740-1750,73,101,,0.5289,0.3859,
démons,1720-1730,1780-1789,63,360,,0.5284,0.1592,
l'engager,1720-1730,1750-1760,135,370,,0.5276,,
lazare,1720-1730,1760-1770,271,206,,0.5273,0.4366,
collier,1710-1720,1770-1780,87,489,,0.5273,,
l'année,1720-1730,1730-1740,2915,4448,,0.5269,,
reçoive,1730-1740,1740-1750,94,109,,0.5267,0.8263,
nourrice,1740-1750,1760-1770,290,457,,0.5266,,
legs,1730-1740,1750-1760,750,948,,0.5262,,
danois,1720-1730,1740-1750,243,397,,0.5259,0.3757,
promettoit,1710-1720,1770-1780,66,384,,0.5257,0.7635,
hérétiques,1730-1740,1789-1802,106,236,,0.5243,,
l'evêque,1710-1720,1730-1740,353,928,,0.5235,,
orientaux,1730-1740,1740-1750,97,233,,0.5226,,
lisent,1700-1710,1710-1720,77,162,,0.5221,0.8032,
coffre,1710-1720,1789-1802,193,303,,0.5202,,
joye,1710-1720,1780-1789,773,650,,0.5191,,
repondit,1710-1720,1770-1780,67,77,,0.5184,,
pensons,1700-1710,1710-1720,51,51,,0.5181,0.4219,
préjudicier,1710-1720,1770-1780,211,219,,0.5178,,
revivre,1700-1710,1760-1770,101,335,,0.5174,0.4021,
qu'aucun,1710-1720,1730-1740,761,768,,0.5148,,
promptitude,1700-1710,1770-1780,75,535,,0.5145,0.9778,
temporelles,1700-1710,1720-1730,62,61,,0.5141,,
reçût,1750-1760,1789-1802,77,70,,0.5132,,
pêcheurs,1720-1730,1780-1789,61,438,,0.5127,0.4216,
l'age,1710-1720,1760-1770,67,289,,0.5122,,
écrivent,1710-1720,1740-1750,87,172,,0.5118,,
sacrement,1760-1770,1770-1780,295,340,,0.5108,,
d'arriver,1720-1730,1740-1750,226,480,,0.5107,,
n'ignore,1720-1730,1760-1770,158,547,,0.5096,,
tenons,1720-1730,1760-1770,156,544,,0.5086,,
sculpture,1750-1760,1780-1789,570,896,,0.5083,0.3634,
maîtresses,1720-1730,1760-1770,62,159,,0.5069,,
gardoit,1710-1720,1720-1730,98,108,,0.5067,0.7289,
implacable,1730-1740,1760-1770,146,190,,0.5061,0.1324,
ciens,1720-1730,1789-1802,162,325,,0.5056,,
d'ouvrir,1700-1710,1720-1730,109,140,,0.5041,,
desespoir,1750-1760,1780-1789,172,251,,0.5038,,
prioit,1710-1720,1720-1730,80,172,,0.5033,,
d'aucuns,1710-1720,1730-1740,177,101,,0.503,,
l'encens,1720-1730,1740-1750,102,143,,0.5023,,
marchoit,1750-1760,1770-1780,152,277,,0.5022,,
d'anvers,1780-1789,1789-1802,335,194,,0.5016,,
repliqua,1710-1720,1720-1730,79,169,,0.5015,,
deuxieme,1710-1720,1720-1730,54,62,,0.5009,0.3348,
suffiroit,1720-1730,1730-1740,97,168,,0.5004,0.8603,
l'envoyer,1700-1710,1710-1720,101,72,,0.5003,,
infinies,1740-1750,1770-1780,179,271,,0.4988,0.5723,
carosse,1710-1720,1760-1770,59,73,,0.498,,
justiciers,1730-1740,1789-1802,190,74,,0.4964,,
traitoit,1710-1720,1730-1740,72,233,,0.4957,0.7897,
qu'avez,1770-1780,1780-1789,401,514,,0.4956,,
l'aller,1760-1770,1789-1802,331,211,,0.4945,,
commanda,1710-1720,1789-1802,177,423,,0.494,,
abeilles,1740-1750,1750-1760,583,154,,0.4927,,
retiennent,1740-1750,1780-1789,123,325,,0.4925,0.3268,
d'examiner,1710-1720,1720-1730,212,252,,0.4921,,
raconta,1770-1780,1789-1802,189,280,,0.4916,,
carême,1750-1760,1780-1789,186,185,,0.4915,,
s'elt,1700-1710,1730-1740,79,115,,0.4911,,
levres,1760-1770,1789-1802,343,164,,0.4898,0.7521,
réglement,1700-1710,1730-1740,112,889,,0.4893,0.9685,
facon,1710-1720,1760-1770,167,1088,,0.4886,0.8891,
surintendant,1740-1750,1789-1802,77,160,,0.4885,,
d'entendre,1720-1730,1789-1802,314,1048,,0.4878,,
s'appelle,1750-1760,1789-1802,930,1112,,0.4875,,
rouler,1700-1710,1760-1770,106,388,,0.4875,0.5097,
serments,1710-1720,1780-1789,63,90,,0.4873,,
villeux,1710-1720,1789-1802,235,134,,0.487,,
éclaircissement,1750-1760,1780-1789,115,108,,0.4857,,
conté,1700-1710,1710-1720,96,92,,0.4855,,
mangeant,1700-1710,1720-1730,58,77,,0.4853,,
quelqu'autre,1710-1720,1789-1802,295,436,,0.4831,,
c'ess,1720-1730,1730-1740,55,91,,0.4817,,
corsaires,1710-1720,1720-1730,50,165,,0.4815,,
pasteurs,1700-1710,1780-1789,113,441,,0.4812,,
carrosse,1770-1780,1780-1789,508,340,,0.4805,,
scipion,1710-1720,1730-1740,403,2045,,0.4797,0.3679,
j'en,1710-1720,1780-1789,3572,12994,,0.4791,,
contraignit,1700-1710,1789-1802,68,72,,0.479,,
evangile,1700-1710,1740-1750,151,116,,0.4783,,
surprit,1730-1740,1789-1802,231,310,,0.4782,,
rafraîchir,1710-1720,1730-1740,73,87,,0.4756,,
vrage,1710-1720,1770-1780,80,492,,0.4755,,
demeurai,1720-1730,1789-1802,52,59,,0.4751,,
necessaire,1760-1770,1789-1802,420,376,,0.4747,,
étonnante,1700-1710,1720-1730,64,71,,0.4745,0.4352,
emprunté,1770-1780,1789-1802,603,454,,0.4743,,
approchent,1710-1720,1760-1770,64,390,,0.4738,0.728,
participation,1760-1770,1770-1780,166,201,,0.4724,,
épargné,1710-1720,1789-1802,94,448,,0.4724,0.1728,
l'honneur,1730-1740,1750-1760,3062,4376,,0.4721,,
témoigné,1760-1770,1789-1802,209,488,,0.4717,,
maltraité,1710-1720,1760-1770,73,138,,0.4713,,
s'entretenir,1700-1710,1780-1789,97,304,,0.471,,
eues,1750-1760,1789-1802,248,315,,0.4706,0.6271,
d'attention,1750-1760,1760-1770,712,1191,,0.4702,,
avisé,1710-1720,1740-1750,150,93,,0.4693,,
suivoit,1700-1710,1740-1750,120,316,,0.4684,0.6613,
resentes,1780-1789,1789-1802,50,52,,0.4678,,
renferment,1700-1710,1740-1750,88,374,,0.466,0.595,
paiement,1710-1720,1730-1740,177,96,,0.4652,0.8261,
contravention,1710-1720,1730-1740,473,362,,0.4651,,
souhaité,1710-1720,1770-1780,119,238,,0.4637,,
déplaisir,1720-1730,1730-1740,58,106,,0.4629,,
pilotes,1700-1710,1740-1750,76,483,,0.4628,0.3102,
touchent,1770-1780,1789-1802,719,444,,0.4616,0.4686,
conviendra,1710-1720,1730-1740,151,162,,0.4592,,
qu'ayant,1700-1710,1720-1730,299,473,,0.4591,,
s'étendre,1750-1760,1789-1802,445,755,,0.459,,
revenue,1720-1730,1760-1770,67,235,,0.459,0.5376,
fondent,1750-1760,1780-1789,233,477,,0.4588,0.2978,
approché,1710-1720,1789-1802,70,272,,0.4586,0.3571,
poulets,1720-1730,1750-1760,58,974,,0.4582,,
persuada,1700-1710,1740-1750,83,185,,0.4576,0.8553,
c'ct,1730-1740,1750-1760,53,89,,0.4572,,
imité,1720-1730,1740-1750,106,137,,0.4568,0.5143,
arriverent,1710-1720,1789-1802,68,132,,0.4565,0.8643,
iceux,1770-1780,1789-1802,196,94,,0.4561,,
contentez,1700-1710,1720-1730,70,69,,0.4559,,
lentulus,1710-1720,1760-1770,58,78,,0.4546,,
amena,1710-1720,1789-1802,83,305,,0.454,0.6345,
proserpine,1700-1710,1789-1802,55,156,,0.4531,0.2665,
tinrent,1740-1750,1770-1780,223,243,,0.4519,0.6635,
garda,1740-1750,1770-1780,235,440,,0.4505,,
icelles,1750-1760,1789-1802,420,123,,0.4472,,
datte,1770-1780,1789-1802,131,91,,0.447,,
n'entend,1740-1750,1760-1770,215,430,,0.4444,,
habillé,1710-1720,1760-1770,80,155,,0.4439,,
patriarches,1710-1720,1730-1740,68,78,,0.4438,,
usent,1710-1720,1750-1760,176,168,,0.4435,0.641,
feraient,1730-1740,1740-1750,73,56,,0.4428,0.5219,
quoiqu'on,1700-1710,1780-1789,88,961,,0.4427,,
marchas,1710-1720,1789-1802,399,500,,0.4407,,
dises,1760-1770,1780-1789,755,609,,0.44,,
renonciation,1720-1730,1750-1760,68,122,,0.4391,,
serve,1730-1740,1740-1750,167,203,,0.439,,
faurois,1700-1710,1710-1720,59,168,,0.4387,0.8942,
j'avoue,1720-1730,1780-1789,341,1233,,0.4376,,
surprenant,1710-1720,1750-1760,249,554,,0.4367,0.5458,
fortent,1720-1730,1740-1750,112,119,,0.4363,0.45,
these,1750-1760,1770-1780,220,569,,0.4361,,
courent,1770-1780,1780-1789,779,789,,0.4356,0.0763,
datée,1730-1740,1780-1789,62,671,,0.4354,0.7633,
anneaux,1710-1720,1720-1730,93,96,,0.435,0.1119,
cession,1720-1730,1780-1789,136,493,,0.4343,0.3286,
cocher,1710-1720,1720-1730,111,83,,0.4331,0.0833,
déchargé,1760-1770,1770-1780,307,218,,0.4324,,
saurois,1720-1730,1730-1740,82,74,,0.4315,,
gracieux,1740-1750,1780-1789,324,564,,0.4309,,
découvrit,1710-1720,1720-1730,113,135,,0.4308,0.04,
portait,1740-1750,1750-1760,77,168,,0.4307,,
l'arrivée,1730-1740,1740-1750,785,1276,,0.4298,,
xxxvi,1730-1740,1740-1750,264,169,,0.4292,0.4485,
j'appris,1700-1710,1720-1730,62,104,,0.4289,,
epoux,1750-1760,1789-1802,555,222,,0.4278,,
sacrifié,1720-1730,1789-1802,80,744,,0.4269,0.2406,
falloir,1700-1710,1710-1720,104,71,,0.4262,0.5399,
caracteres,1710-1720,1730-1740,285,398,,0.4252,,
estiment,1700-1710,1760-1770,51,116,,0.4247,0.2808,
raconté,1710-1720,1789-1802,155,278,,0.4246,,
considere,1710-1720,1760-1770,204,597,,0.4243,,
instamment,1700-1710,1740-1750,56,92,,0.4241,,
revendre,1720-1730,1730-1740,71,52,,0.4241,0.2708,
molle,1710-1720,1730-1740,152,152,,0.4239,0.7669,
dimanches,1730-1740,1750-1760,96,182,,0.423,,
c'étoit,1700-1710,1710-1720,2137,2536,,0.4227,,
j'eus,1710-1720,1740-1750,475,1023,,0.4222,,
fusse,1710-1720,1760-1770,132,124,,0.4217,,
tenait,1740-1750,1750-1760,66,134,,0.421,,
d'oiseaux,1710-1720,1760-1770,97,96,,0.4206,,
tâchez,1700-1710,1750-1760,84,118,,0.4202,,
apporta,1730-1740,1740-1750,173,412,,0.42,,
marquoit,1710-1720,1720-1730,74,115,,0.4199,,
acheva,1730-1740,1780-1789,319,424,,0.4192,,
formalités,1720-1730,1740-1750,70,483,,0.4187,0.1667,
l'obliger,1700-1710,1750-1760,135,264,,0.4185,,
présentant,1700-1710,1720-1730,61,63,,0.4178,0.2592,
ordonnoit,1700-1710,1780-1789,69,431,,0.4173,0.9409,
pourpre,1720-1730,1730-1740,333,569,,0.4172,0.7855,
suiffé,1710-1720,1740-1750,74,52,,0.4171,,
s'étonner,1740-1750,1750-1760,162,266,,0.4168,,
procédures,1710-1720,1730-1740,64,93,,0.4166,,
demeuroit,1740-1750,1760-1770,269,235,,0.4165,,
c'efr,1710-1720,1720-1730,62,81,,0.4159,,
muses,1730-1740,1760-1770,119,178,,0.4153,0.1283,
expliquée,1720-1730,1789-1802,80,175,,0.415,,
envoyoit,1700-1710,1720-1730,82,104,,0.415,0.746,
cordon,1760-1770,1789-1802,633,542,,0.4143,0.7129,
difficult,1780-1789,1789-1802,214,59,,0.4142,,
pratiquent,1700-1710,1780-1789,76,228,,0.4136,0.5869,
s'embarquer,1710-1720,1750-1760,64,89,,0.4135,,
gand,1710-1720,1740-1750,67,259,,0.4128,0.4873,
détruisent,1730-1740,1770-1780,97,571,,0.4126,0.6996,
démontré,1700-1710,1710-1720,108,176,,0.4125,0.6652,
desiroit,1700-1710,1710-1720,56,54,,0.4121,0.7084,
vêtu,1720-1730,1780-1789,89,548,,0.412,,
iront,1700-1710,1710-1720,93,148,,0.4118,0.0806,
décharger,1720-1730,1730-1740,227,351,,0.4116,,
arriveroit,1700-1710,1789-1802,83,243,,0.4114,0.8852,
croupe,1740-1750,1750-1760,118,76,,0.4098,,
vilain,1700-1710,1740-1750,162,189,,0.4096,,
chantant,1700-1710,1730-1740,60,148,,0.4092,0.1509,
bouclier,1710-1720,1750-1760,418,332,,0.4091,0.0532,
recevez,1720-1730,1789-1802,103,408,,0.4082,0.1341,
vierges,1730-1740,1740-1750,114,129,,0.408,,
l'éloge,1700-1710,1720-1730,94,151,,0.4069,,
liront,1740-1750,1780-1789,71,273,,0.4061,,
menton,1700-1710,1760-1770,50,315,,0.4059,0.6283,
démontrer,1710-1720,1720-1730,145,171,,0.4055,0.2802,
nihil,1700-1710,1710-1720,1514,702,,0.405,,
conseille,1760-1770,1789-1802,587,503,,0.4043,,
descendent,1700-1710,1750-1760,64,190,,0.4037,0.6808,
fuient,1730-1740,1740-1750,108,229,,0.4037,0.7037,
cousine,1720-1730,1730-1740,72,150,,0.4036,0.4188,
pallas,1700-1710,1730-1740,58,267,,0.4033,0.1222,
d'icelles,1710-1720,1760-1770,1061,546,,0.4024,,
cria,1700-1710,1730-1740,123,147,,0.4019,,
étudié,1700-1710,1780-1789,107,614,,0.4017,,
gardent,1710-1720,1780-1789,237,511,,0.4003,0.3948,
logé,1700-1710,1770-1780,61,292,,0.4001,0.0441,
genes,1730-1740,1789-1802,452,107,,0.3995,,
s'imagine,1710-1720,1740-1750,147,238,,0.3991,,
l'ont,1700-1710,1730-1740,934,1770,,0.399,,
diront,1740-1750,1750-1760,245,236,,0.3984,0.2825,
pendre,1700-1710,1740-1750,140,364,,0.397,,
savois,1710-1720,1720-1730,98,136,,0.3964,0.8323,
fideles,1710-1720,1730-1740,348,457,,0.3963,,
rentré,1720-1730,1760-1770,72,204,,0.3956,0.6344,
mercredi,1770-1780,1780-1789,1509,1349,,0.3946,0.3292,
l'estomac,1710-1720,1750-1760,141,311,,0.3932,,
volé,1710-1720,1789-1802,187,558,,0.393,,
reglemens,1770-1780,1789-1802,260,109,,0.3929,,
alléguer,1740-1750,1750-1760,180,226,,0.391,0.5228,
cautions,1730-1740,1780-1789,281,301,,0.3909,,
retournant,1700-1710,1770-1780,88,316,,0.3907,0.6131,
espéces,1710-1720,1789-1802,50,102,,0.3907,,
oncles,1720-1730,1789-1802,104,169,,0.39,,
souhaite,1700-1710,1789-1802,518,523,,0.3898,,
remplissent,1710-1720,1789-1802,127,573,,0.3893,0.5358,
semblait,1700-1710,1740-1750,76,93,,0.389,0.6568,
entroit,1700-1710,1750-1760,77,255,,0.3889,0.6274,
poura,1750-1760,1789-1802,62,102,,0.388,,
reçurent,1700-1710,1710-1720,56,54,,0.3873,0.4984,
embrassé,1700-1710,1710-1720,58,71,,0.3871,0.0807,
répandit,1750-1760,1780-1789,271,621,,0.3867,0.5973,
meres,1730-1740,1760-1770,285,717,,0.3864,,
piquent,1710-1720,1789-1802,69,88,,0.386,,
prenons,1760-1770,1789-1802,508,552,,0.385,,
prononça,1700-1710,1710-1720,97,83,,0.3849,0.0563,
offensé,1710-1720,1720-1730,134,83,,0.3847,0.8423,
exquis,1770-1780,1789-1802,546,293,,0.3841,,
conseillé,1720-1730,1780-1789,92,582,,0.384,0.3467,
connut,1770-1780,1789-1802,591,469,,0.3815,,
marqua,1710-1720,1789-1802,56,156,,0.3808,,
confreres,1720-1730,1750-1760,287,179,,0.3802,0.9372,
demeurent,1710-1720,1789-1802,507,573,,0.3801,,
tireur,1780-1789,1789-1802,181,102,,0.3798,,
plût,1750-1760,1780-1789,367,576,,0.3786,,
désire,1710-1720,1750-1760,86,388,,0.3783,0.3084,
economic,1780-1789,1789-1802,784,2046,,0.3782,0.987,
statuts,1710-1720,1760-1770,1245,1305,,0.3779,,
avoic,1710-1720,1770-1780,74,334,,0.3773,,
successions,1720-1730,1789-1802,64,452,,0.3762,,
pâques,1770-1780,1789-1802,344,247,,0.3761,,
féjour,1710-1720,1740-1750,84,438,,0.3758,0.663,
l'océan,1700-1710,1770-1780,52,1341,,0.3756,,
rubis,1710-1720,1770-1780,65,533,,0.3754,,
difference,1760-1770,1789-1802,88,94,,0.3742,,
accroire,1750-1760,1760-1770,168,170,,0.3741,,
croye,1710-1720,1740-1750,82,138,,0.3741,,
craignons,1700-1710,1780-1789,71,355,,0.3738,0.9055,
vendue,1730-1740,1740-1750,130,183,,0.373,,
chargent,1730-1740,1750-1760,107,279,,0.3729,0.5656,
sassent,1730-1740,1789-1802,124,270,,0.3728,0.8355,
m'est,1780-1789,1789-1802,2373,2123,,0.3725,,
passait,1730-1740,1750-1760,86,124,,0.3717,,
permettant,1700-1710,1710-1720,58,98,,0.3714,0.5113,
entendons,1710-1720,1780-1789,141,273,,0.3712,,
priant,1710-1720,1730-1740,154,260,,0.371,0.733,
recommandé,1720-1730,1789-1802,103,457,,0.3694,0.3721,
tâché,1740-1750,1770-1780,226,615,,0.3687,,
difons,1710-1720,1760-1770,118,156,,0.3683,,
procura,1700-1710,1740-1750,61,197,,0.3681,0.3355,
étonnée,1700-1710,1710-1720,71,58,,0.367,,
personnelles,1720-1730,1770-1780,80,563,,0.3669,0.4858,
clodius,1710-1720,1760-1770,59,58,,0.3667,,
porterent,1710-1720,1780-1789,138,434,,0.3659,0.7134,
prophetes,1740-1750,1760-1770,93,69,,0.3657,,
tâcha,1720-1730,1730-1740,63,154,,0.3651,,
contenterai,1700-1710,1750-1760,80,208,,0.3643,,
feras,1700-1710,1730-1740,159,261,,0.3642,,
d'impatience,1710-1720,1720-1730,87,51,,0.3635,,
travailloient,1710-1720,1760-1770,50,150,,0.3627,,
curieuse,1730-1740,1750-1760,115,182,,0.3622,,
l'humidité,1710-1720,1730-1740,75,240,,0.3606,,
prendroit,1700-1710,1710-1720,112,170,,0.3587,0.4226,
pontifes,1700-1710,1720-1730,63,99,,0.3577,0.9841,
viendroit,1710-1720,1720-1730,154,228,,0.3576,,
archers,1750-1760,1789-1802,180,226,,0.3567,0.5797,
enchanté,1700-1710,1710-1720,115,77,,0.3563,0.7392,
mettons,1720-1730,1780-1789,119,439,,0.3559,,
satisfaite,1720-1730,1770-1780,61,402,,0.3558,0.2208,
prédicateurs,1720-1730,1789-1802,86,150,,0.3553,0.5979,
commençait,1740-1750,1780-1789,56,183,,0.3534,,
joignit,1710-1720,1780-1789,154,735,,0.3531,0.7969,
marcellus,1770-1780,1789-1802,897,101,,0.353,,
accourut,1710-1720,1720-1730,79,60,,0.35,,
porc,1700-1710,1750-1760,141,342,,0.3497,0.4728,
devra,1700-1710,1740-1750,81,165,,0.3495,0.4884,
l'orage,1710-1720,1770-1780,160,594,,0.3495,,
plaisoit,1700-1710,1760-1770,157,313,,0.3481,,
blanchir,1720-1730,1789-1802,86,160,,0.3472,,
recevoit,1700-1710,1720-1730,129,171,,0.3471,0.5173,
epouse,1710-1720,1760-1770,167,109,,0.3468,,
mené,1770-1780,1780-1789,376,770,,0.3455,,
c'clt,1730-1740,1740-1750,131,154,,0.3449,,
sasse,1710-1720,1750-1760,227,701,,0.3449,0.5963,
porteront,1700-1710,1740-1750,90,117,,0.3438,0.5386,
destins,1770-1780,1780-1789,459,577,,0.3432,0.1346,
cuisse,1700-1710,1750-1760,52,90,,0.3428,0.9153,
courts,1720-1730,1730-1740,204,166,,0.3422,,
d'amitié,1740-1750,1789-1802,659,782,,0.3415,,
d'épouser,1740-1750,1760-1770,94,151,,0.3414,,
renoncé,1700-1710,1710-1720,188,119,,0.3405,,
savons,1770-1780,1789-1802,651,1058,,0.3404,,
quittent,1710-1720,1730-1740,129,121,,0.3401,0.2353,
n'osa,1720-1730,1770-1780,66,174,,0.3397,,
cabaret,1720-1730,1750-1760,126,147,,0.3381,,
s'appelloit,1730-1740,1740-1750,310,203,,0.3372,,
coulent,1750-1760,1760-1770,183,356,,0.3352,0.4124,
s'attendre,1710-1720,1780-1789,102,699,,0.3351,,
effrayé,1700-1710,1750-1760,98,260,,0.3347,0.0467,
scélérat,1700-1710,1740-1750,61,178,,0.3347,0.7532,
suffira,1700-1710,1720-1730,96,115,,0.3336,0.528,
vivons,1760-1770,1780-1789,324,404,,0.3328,,
enfermé,1710-1720,1720-1730,178,201,,0.3321,,
docteurs,1740-1750,1789-1802,243,399,,0.332,,
gagna,1730-1740,1740-1750,330,284,,0.3319,0.359,
poflible,1710-1720,1720-1730,78,82,,0.3317,0.6133,
egard,1710-1720,1720-1730,147,99,,0.3315,,
monumens,1740-1750,1789-1802,459,1225,,0.3292,0.8356,
verras,1720-1730,1750-1760,65,129,,0.329,,
compagnes,1720-1730,1740-1750,103,162,,0.3275,,
cherchons,1700-1710,1780-1789,113,598,,0.3268,,
enfermée,1740-1750,1750-1760,97,102,,0.3258,,
d'adresse,1700-1710,1720-1730,100,103,,0.3255,,
envoyées,1710-1720,1770-1780,121,465,,0.3252,0.6676,
d'aucun,1740-1750,1750-1760,727,780,,0.3245,,
pensoit,1700-1710,1710-1720,173,110,,0.3241,0.5433,
merveilleuse,1730-1740,1740-1750,110,174,,0.3239,,
commentateurs,1700-1710,1789-1802,228,135,,0.3236,,
affliction,1710-1720,1720-1730,68,53,,0.3229,,
fignifier,1730-1740,1789-1802,213,92,,0.3219,,
huissiers,1730-1740,1789-1802,291,319,,0.3196,,
laver,1710-1720,1750-1760,271,342,,0.3192,,
princesses,1700-1710,1730-1740,184,128,,0.3181,,
intestins,1710-1720,1730-1740,50,59,,0.317,,
inconvenient,1760-1770,1780-1789,66,196,,0.3166,,
proposent,1700-1710,1740-1750,69,141,,0.3165,0.4351,
craignit,1710-1720,1720-1730,83,98,,0.3164,0.7822,
s'arrêta,1710-1720,1730-1740,60,205,,0.3163,,
enfoncé,1710-1720,1720-1730,60,74,,0.3162,,
procuré,1700-1710,1720-1730,67,124,,0.3161,0.1958,
edits,1710-1720,1789-1802,1292,347,,0.3136,,
suffisoit,1700-1710,1750-1760,83,339,,0.3135,0.7494,
l'ennemi,1720-1730,1789-1802,1819,4784,,0.313,,
affligé,1720-1730,1730-1740,127,289,,0.3118,,
rendait,1720-1730,1740-1750,65,52,,0.3114,0.7118,
l'obligea,1700-1710,1710-1720,93,83,,0.3114,,
emportement,1720-1730,1760-1770,68,198,,0.3113,,
catilina,1730-1740,1740-1750,424,1067,,0.3109,,
entrerent,1710-1720,1789-1802,51,96,,0.3108,,
remercie,1700-1710,1770-1780,103,370,,0.3107,,
trouvât,1730-1740,1760-1770,217,301,,0.3105,0.9737,
jugeons,1710-1720,1750-1760,50,196,,0.3103,,
reines,1730-1740,1780-1789,186,272,,0.3099,,
commencèrent,1720-1730,1740-1750,68,116,,0.3096,0.5088,
achetée,1730-1740,1750-1760,66,146,,0.3089,0.0852,
peintres,1760-1770,1770-1780,966,1234,,0.3087,,
témoigna,1720-1730,1740-1750,151,424,,0.3084,,
lignifie,1700-1710,1789-1802,109,78,,0.3083,,
retourné,1740-1750,1760-1770,236,197,,0.3083,,
tiendroit,1700-1710,1720-1730,51,105,,0.3079,0.133,
couroit,1700-1710,1750-1760,106,175,,0.3071,0.766,
profitent,1710-1720,1730-1740,88,79,,0.3069,,
descendu,1700-1710,1730-1740,128,214,,0.3069,,
négoce,1710-1720,1789-1802,266,284,,0.3062,0.3488,
suivirent,1700-1710,1770-1780,82,437,,0.3061,0.837,
l'ancre,1760-1770,1780-1789,641,522,,0.3048,,
demeuré,1730-1740,1750-1760,480,436,,0.3044,,
songea,1720-1730,1750-1760,162,219,,0.3042,,
d'avril,1770-1780,1789-1802,1231,914,,0.3028,,
colere,1710-1720,1760-1770,909,1168,,0.3023,,
remercia,1700-1710,1750-1760,101,118,,0.3002,,
n'ignoroit,1700-1710,1710-1720,50,50,,0.2998,,
viendront,1720-1730,1740-1750,214,273,,0.2988,,
lieutenants,1730-1740,1740-1750,128,50,,0.2983,,
d'iceux,1710-1720,1789-1802,845,154,,0.2981,,
mouchoir,1700-1710,1730-1740,63,60,,0.2969,,
persuadée,1720-1730,1740-1750,66,318,,0.2967,,
ecriture,1730-1740,1789-1802,134,122,,0.2958,,
surprenante,1700-1710,1750-1760,102,177,,0.2956,,
c'efl,1710-1720,1760-1770,223,1088,,0.2948,,
pressa,1770-1780,1789-1802,206,404,,0.2937,,
aisée,1720-1730,1789-1802,287,430,,0.2924,0.4716,
plaisent,1700-1710,1740-1750,135,219,,0.2922,,
sortirent,1750-1760,1770-1780,149,264,,0.291,,
tuteurs,1720-1730,1750-1760,90,354,,0.2907,,
l'envoya,1700-1710,1730-1740,70,87,,0.2907,,
cherchoient,1700-1710,1740-1750,71,264,,0.2897,0.9243,
s'imaginer,1710-1720,1789-1802,203,179,,0.2896,,
ferais,1710-1720,1740-1750,116,50,,0.2888,0.8746,
façons,1780-1789,1789-1802,400,319,,0.2884,,
conduisoit,1700-1710,1720-1730,94,174,,0.2877,0.7391,
chemise,1710-1720,1770-1780,110,365,,0.2875,,
pcut,1730-1740,1740-1750,121,188,,0.2863,,
sucs,1740-1750,1789-1802,538,323,,0.2855,0.8021,
doutoit,1710-1720,1720-1730,60,88,,0.2854,,
sentons,1780-1789,1789-1802,243,224,,0.2825,,
flottes,1700-1710,1760-1770,89,507,,0.2819,0.8092,
appella,1710-1720,1740-1750,102,242,,0.2817,,
martyrs,1720-1730,1789-1802,176,506,,0.2802,,
s'accordent,1710-1720,1730-1740,148,186,,0.2801,,
manquera,1710-1720,1760-1770,190,377,,0.2796,,
cherchez,1720-1730,1789-1802,131,508,,0.2788,,
employent,1700-1710,1710-1720,54,195,,0.2787,0.4449,
j'aye,1710-1720,1770-1780,132,182,,0.2786,,
fumée,1740-1750,1780-1789,599,1622,,0.2781,,
demoiselles,1720-1730,1740-1750,50,160,,0.2771,0.6212,
perdirent,1730-1740,1760-1770,372,229,,0.277,,
connaît,1750-1760,1789-1802,293,1045,,0.2765,0.1097,
croyais,1700-1710,1760-1770,64,169,,0.2762,0.8457,
indigné,1740-1750,1750-1760,119,223,,0.2759,,
qu'aucune,1740-1750,1770-1780,328,944,,0.2753,,
aima,1750-1760,1760-1770,337,280,,0.2748,,
n'as,1700-1710,1710-1720,155,374,,0.2748,,
rencontra,1740-1750,1750-1760,477,188,,0.2747,,
tuent,1750-1760,1789-1802,135,225,,0.2739,0.3772,
mena,1730-1740,1789-1802,522,506,,0.2738,,
n'osait,1710-1720,1780-1789,141,369,,0.2738,,
excellentes,1720-1730,1740-1750,137,174,,0.2737,,
passerent,1750-1760,1760-1770,171,188,,0.2734,0.3309,
ayant,1710-1720,1720-1730,6698,8639,,0.2733,0.3751,
incident,1700-1710,1760-1770,74,173,,0.273,,
d'angleterre,1720-1730,1740-1750,1610,3670,,0.2727,,
supplier,1710-1720,1789-1802,140,371,,0.2725,0.8594,
diametre,1770-1780,1789-1802,2202,89,,0.271,0.9774,
cadette,1720-1730,1740-1750,66,81,,0.2704,,
sixieme,1720-1730,1770-1780,102,1007,,0.2702,0.9581,
osez,1710-1720,1789-1802,92,374,,0.2695,0.744,
supplie,1710-1720,1720-1730,177,150,,0.2685,,
demeura,1730-1740,1789-1802,755,376,,0.2683,,
quarre,1770-1780,1789-1802,432,309,,0.268,0.7239,
parlait,1720-1730,1730-1740,92,201,,0.2674,,
irons,1710-1720,1789-1802,55,288,,0.2671,,
lèvres,1720-1730,1730-1740,53,71,,0.266,0.7749,
commencerent,1710-1720,1789-1802,133,168,,0.2653,0.5961,
détermina,1710-1720,1750-1760,93,336,,0.265,0.7009,
traitent,1720-1730,1750-1760,187,389,,0.2646,0.2149,
repartit,1720-1730,1789-1802,97,236,,0.2646,,
boisson,1700-1710,1770-1780,79,457,,0.2644,,
manqueront,1720-1730,1730-1740,70,66,,0.2639,,
search,1770-1780,1789-1802,436,76,,0.2626,,
j'allois,1700-1710,1710-1720,73,69,,0.2625,,
tarda,1750-1760,1789-1802,287,666,,0.2622,0.8768,
vécut,1720-1730,1780-1789,140,674,,0.2619,,
m'auroit,1700-1710,1710-1720,53,68,,0.2618,,
meurent,1770-1780,1780-1789,700,600,,0.2616,,
demandée,1740-1750,1760-1770,179,313,,0.2612,,
decembre,1720-1730,1789-1802,1024,398,,0.2608,,
t'es,1740-1750,1789-1802,100,226,,0.2601,,
retirent,1780-1789,1789-1802,808,524,,0.2599,0.3939,
foyez,1710-1720,1720-1730,212,161,,0.2593,,
commencée,1700-1710,1730-1740,75,179,,0.259,0.4712,
serviront,1700-1710,1730-1740,93,146,,0.2586,0.5153,
saurais,1740-1750,1750-1760,62,79,,0.2581,,
déclarons,1710-1720,1789-1802,272,160,,0.258,0.9552,
batimens,1720-1730,1750-1760,192,103,,0.2579,0.8874,
épouvantable,1720-1730,1750-1760,93,110,,0.2578,,
l'aura,1720-1730,1760-1770,105,235,,0.2575,,
crût,1720-1730,1789-1802,91,184,,0.2573,,
nest,1700-1710,1710-1720,147,54,,0.257,,
allèrent,1720-1730,1740-1750,140,101,,0.2566,,
rapportées,1700-1710,1760-1770,73,473,,0.2565,0.8449,
théologiens,1710-1720,1720-1730,196,172,,0.2562,,
habillement,1730-1740,1760-1770,115,217,,0.2548,,
doutant,1770-1780,1780-1789,204,289,,0.2547,,
intendans,1740-1750,1789-1802,229,496,,0.2544,0.3898,
idoles,1720-1730,1780-1789,301,247,,0.254,,
croie,1700-1710,1710-1720,51,60,,0.254,0.6041,
manda,1700-1710,1740-1750,145,519,,0.2534,,
mères,1730-1740,1740-1750,135,99,,0.2532,0.2305,
environnée,1770-1780,1789-1802,372,346,,0.2525,0.5299,
perfections,1720-1730,1789-1802,98,232,,0.2518,,
ayeul,1760-1770,1770-1780,144,330,,0.2511,,
pouroit,1770-1780,1789-1802,186,127,,0.2504,,
fâchée,1700-1710,1720-1730,66,71,,0.2499,0.8557,
assise,1720-1730,1770-1780,86,268,,0.2487,0.5357,
d'envoyer,1700-1710,1710-1720,257,356,,0.2482,,
n'osent,1720-1730,1770-1780,55,252,,0.2467,,
laisseroit,1710-1720,1730-1740,74,166,,0.2462,0.8764,
l'armée,1710-1720,1740-1750,1172,2290,,0.2461,,
semblé,1740-1750,1770-1780,170,311,,0.2453,0.4262,
laissée,1710-1720,1720-1730,130,78,,0.245,0.1003,
achetées,1710-1720,1730-1740,98,127,,0.2445,,
laissai,1700-1710,1760-1770,69,143,,0.2443,0.9149,
vulcain,1710-1720,1770-1780,312,392,,0.244,,
m'ont,1710-1720,1720-1730,596,682,,0.2435,,
sçauroit,1710-1720,1789-1802,730,80,,0.2431,,
douta,1700-1710,1710-1720,152,110,,0.2425,,
n'être,1740-1750,1780-1789,1023,2705,,0.2421,,
retint,1700-1710,1730-1740,100,252,,0.2415,0.4761,
mandé,1700-1710,1710-1720,383,209,,0.2409,,
contentent,1750-1760,1760-1770,204,305,,0.2403,,
affis,1740-1750,1760-1770,151,272,,0.2403,,
d'icelle,1720-1730,1789-1802,1375,176,,0.2399,,
voyait,1740-1750,1750-1760,108,205,,0.2397,,
l'arbre,1700-1710,1789-1802,612,1647,,0.2394,,
j'aie,1710-1720,1720-1730,150,148,,0.2389,,
paroissoient,1700-1710,1710-1720,139,112,,0.2389,0.7839,
effroyable,1700-1710,1710-1720,92,88,,0.2381,,
partirent,1700-1710,1710-1720,62,54,,0.2379,0.6426,
descendit,1720-1730,1770-1780,107,317,,0.2371,,
cerf,1710-1720,1720-1730,595,191,,0.2366,,
rendis,1700-1710,1760-1770,74,208,,0.2357,0.7106,
n'cst,1710-1720,1740-1750,54,401,,0.2354,,
laissera,1720-1730,1760-1770,102,370,,0.2348,,
manquoient,1710-1720,1760-1770,85,228,,0.2347,0.7107,
conciles,1720-1730,1750-1760,306,436,,0.234,,
j'aimerois,1720-1730,1730-1740,59,125,,0.2327,,
abfence,1740-1750,1789-1802,337,289,,0.2322,,
ruisseaux,1760-1770,1780-1789,336,565,,0.2318,0.7811,
prens,1720-1730,1789-1802,159,64,,0.2317,,
l'ordonnance,1720-1730,1789-1802,755,1368,,0.2312,,
aifé,1710-1720,1740-1750,147,559,,0.2311,0.6165,
vînt,1710-1720,1750-1760,73,179,,0.2297,0.9421,
chauffer,1740-1750,1750-1760,148,163,,0.2296,,
chariots,1700-1710,1720-1730,108,322,,0.2266,0.735,
m'étant,1700-1710,1720-1730,104,79,,0.2261,,
enim,1740-1750,1770-1780,2100,2700,,0.2259,,
d'épaisseur,1750-1760,1770-1780,228,1061,,0.2249,,
barque,1730-1740,1750-1760,318,241,,0.2245,,
imaginez,1760-1770,1770-1780,226,270,,0.2244,0.0299,
poussa,1710-1720,1789-1802,143,384,,0.2242,,
d'icelui,1780-1789,1789-1802,286,107,,0.2241,,
contrôleur,1700-1710,1789-1802,74,1258,,0.224,0.7347,
xxviii,1730-1740,1770-1780,369,537,,0.2239,0.6511,
demeureront,1740-1750,1770-1780,246,245,,0.2218,,
fevrier,1750-1760,1789-1802,285,362,,0.2211,,
l'eglise,1720-1730,1730-1740,3524,3539,,0.221,,
j'irai,1720-1730,1780-1789,82,573,,0.2207,,
conservée,1700-1710,1720-1730,73,125,,0.2203,0.7327,
n'ose,1740-1750,1780-1789,409,1277,,0.2193,,
tuilée,1700-1710,1789-1802,76,288,,0.2192,0.3568,
portons,1770-1780,1780-1789,246,297,,0.2189,0.3666,
parloient,1700-1710,1720-1730,105,114,,0.2182,0.8513,
donnai,1700-1710,1760-1770,89,269,,0.2178,,
renvoya,1710-1720,1750-1760,128,210,,0.2154,,
iont,1700-1710,1789-1802,265,533,,0.2132,,
hyver,1700-1710,1710-1720,90,297,,0.2129,0.2114,
causoit,1720-1730,1730-1740,57,137,,0.2125,,
furent,1710-1720,1720-1730,5256,6091,,0.2113,,
demandait,1730-1740,1740-1750,95,58,,0.2104,,
fauteuil,1770-1780,1780-1789,374,631,,0.2096,,
c'efi,1720-1730,1730-1740,323,498,,0.2087,,
vaudroit,1720-1730,1760-1770,128,933,,0.2086,,
empêchent,1700-1710,1750-1760,123,297,,0.2083,,
prendrez,1760-1770,1789-1802,281,170,,0.2076,,
l'ayant,1700-1710,1710-1720,372,389,,0.2069,,
plairoit,1710-1720,1770-1780,152,187,,0.2063,,
l'edit,1750-1760,1789-1802,861,459,,0.2061,,
boivent,1710-1720,1760-1770,115,160,,0.2051,0.6493,
puise,1730-1740,1750-1760,153,216,,0.2049,,
faisois,1700-1710,1710-1720,155,156,,0.2044,,
jesus,1700-1710,1740-1750,1154,497,,0.2035,,
neveux,1760-1770,1789-1802,264,504,,0.2026,0.5393,
faille,1700-1710,1710-1720,183,212,,0.2012,,
couté,1710-1720,1720-1730,55,95,,0.2002,0.6914,
n'ait,1720-1730,1760-1770,996,2782,,0.1991,,
auxdites,1700-1710,1720-1730,70,121,,0.1991,0.947,
recevons,1720-1730,1789-1802,90,186,,0.198,,
foyons,1710-1720,1720-1730,95,109,,0.1978,,
marcha,1710-1720,1789-1802,128,490,,0.1976,,
retirerent,1710-1720,1789-1802,65,101,,0.1975,0.7739,
convenoit,1700-1710,1710-1720,138,140,,0.1967,0.8324,
contenta,1740-1750,1770-1780,441,654,,0.1965,,
n'aye,1720-1730,1770-1780,54,102,,0.196,,
prétendoit,1700-1710,1740-1750,160,479,,0.1959,,
barons,1730-1740,1750-1760,171,319,,0.1958,0.4994,
amants,1700-1710,1780-1789,148,340,,0.1948,,
j'ose,1700-1710,1760-1770,180,1077,,0.1945,,
mettrez,1720-1730,1730-1740,100,156,,0.1943,,
temns,1700-1710,1730-1740,99,138,,0.1937,0.5146,
reviennent,1700-1710,1780-1789,148,837,,0.1927,0.6507,
differentes,1710-1720,1740-1750,1237,594,,0.1924,,
m'étois,1710-1720,1720-1730,72,149,,0.1921,,
revinrent,1700-1710,1710-1720,53,86,,0.192,0.722,
allerent,1710-1720,1789-1802,79,120,,0.19,,
camarade,1720-1730,1750-1760,96,125,,0.1886,,
minerve,1700-1710,1760-1770,144,583,,0.1881,,
prendrai,1700-1710,1740-1750,101,151,,0.1869,0.5509,
ongles,1750-1760,1789-1802,249,185,,0.1868,0.673,
trouvait,1740-1750,1750-1760,105,155,,0.1862,,
prenait,1700-1710,1740-1750,101,70,,0.1857,,
devrait,1710-1720,1740-1750,64,90,,0.1857,0.5729,
païs,1720-1730,1789-1802,2935,165,,0.1854,,
m'ayant,1710-1720,1750-1760,86,232,,0.1847,,
jugeoit,1700-1710,1710-1720,88,98,,0.1844,0.7224,
fauroient,1720-1730,1789-1802,89,110,,0.1843,,
l'étoit,1710-1720,1789-1802,138,621,,0.1824,,
n'es,1730-1740,1740-1750,153,174,,0.1815,,
manqua,1730-1740,1750-1760,368,428,,0.1808,,
prendront,1700-1710,1789-1802,146,467,,0.1793,0.4324,
consenti,1710-1720,1760-1770,124,309,,0.177,,
prît,1710-1720,1720-1730,115,107,,0.1759,,
c'cft,1770-1780,1780-1789,1756,866,,0.1756,,
diane,1710-1720,1780-1789,366,1471,,0.1744,,
c'eit,1720-1730,1730-1740,311,361,,0.1743,,
n'el,1700-1710,1730-1740,97,91,,0.1736,,
m'as,1720-1730,1750-1760,179,194,,0.1732,,
donnait,1720-1730,1750-1760,153,269,,0.173,,
entendoit,1710-1720,1760-1770,123,229,,0.1729,,
rentra,1710-1720,1720-1730,72,111,,0.1728,0.4792,
contribuent,1710-1720,1720-1730,160,111,,0.1726,0.5516,
paraissait,1700-1710,1750-1760,66,124,,0.172,0.4152,
apportent,1710-1720,1760-1770,188,456,,0.1713,0.3528,
devinrent,1710-1720,1720-1730,150,186,,0.1705,0.1815,
dirons,1770-1780,1780-1789,895,927,,0.1703,,
entouré,1710-1720,1730-1740,76,281,,0.1695,0.767,
souhaitoit,1710-1720,1770-1780,73,182,,0.1692,,
xxvii,1700-1710,1710-1720,127,184,,0.1686,0.5425,
vendeur,1740-1750,1780-1789,384,891,,0.1681,,
compatriotes,1740-1750,1789-1802,280,1207,,0.1678,0.7267,
figues,1760-1770,1780-1789,228,393,,0.1678,0.3656,
n'etoit,1700-1710,1740-1750,69,175,,0.1667,,
aimait,1700-1710,1720-1730,124,93,,0.1662,,
soyons,1740-1750,1789-1802,120,669,,0.1657,,
siécle,1700-1710,1740-1750,224,1103,,0.1651,0.977,
duré,1700-1710,1789-1802,109,501,,0.1649,0.8246,
ferma,1700-1710,1720-1730,69,72,,0.1648,,
d'aucune,1700-1710,1740-1750,296,640,,0.1639,,
l'aurois,1700-1710,1710-1720,63,53,,0.163,,
agneaux,1710-1720,1720-1730,411,63,,0.1623,,
pensa,1710-1720,1730-1740,207,297,,0.1621,,
voyent,1740-1750,1780-1789,438,708,,0.1615,,
kress,1730-1740,1789-1802,105,2184,,0.16,,
souffrent,1710-1720,1789-1802,190,415,,0.16,0.7817,
s'étant,1710-1720,1750-1760,743,1838,,0.1587,,
l'ait,1700-1710,1789-1802,226,667,,0.158,,
n'aura,1700-1710,1740-1750,327,602,,0.1573,,
avés,1700-1710,1770-1780,174,70,,0.1563,,
souhaits,1740-1750,1750-1760,149,246,,0.1551,,
l'avaient,1720-1730,1740-1750,76,53,,0.1544,,
s'étoient,1710-1720,1730-1740,428,2484,,0.1537,,
m'ait,1700-1710,1760-1770,99,227,,0.153,,
priai,1700-1710,1770-1780,85,216,,0.1528,0.8206,
magnifiques,1720-1730,1730-1740,354,617,,0.1508,,
voulaient,1730-1740,1740-1750,71,50,,0.1501,,
jetterent,1750-1760,1789-1802,96,72,,0.1498,,
m'être,1720-1730,1730-1740,93,319,,0.1497,,
n'efl,1710-1720,1720-1730,104,177,,0.1491,,
tcms,1700-1710,1740-1750,281,290,,0.1487,,
n'ayez,1740-1750,1760-1770,181,260,,0.1484,,
c'était,1700-1710,1750-1760,978,1202,,0.1471,,
favent,1720-1730,1789-1802,100,447,,0.146,0.6896,
êtrc,1710-1720,1750-1760,74,96,,0.1452,,
n'ell,1720-1730,1730-1740,93,115,,0.1442,,
n'efi,1710-1720,1720-1730,122,129,,0.1441,,
saisions,1720-1730,1730-1740,60,64,,0.144,,
n'arrive,1700-1710,1780-1789,139,492,,0.1435,,
croyait,1700-1710,1740-1750,122,85,,0.1426,,
n'avez,1710-1720,1720-1730,932,518,,0.1414,,
j'aurai,1710-1720,1720-1730,431,294,,0.1412,,
l'eut,1710-1720,1740-1750,132,309,,0.1407,,
n'avoir,1710-1720,1770-1780,1070,4833,,0.1403,,
mardi,1730-1740,1760-1770,136,1545,,0.1377,,
vendredi,1730-1740,1780-1789,161,1249,,0.1373,,
commençoit,1700-1710,1730-1740,194,566,,0.1361,,
l'avoine,1730-1740,1740-1750,83,81,,0.1361,,
servirent,1700-1710,1710-1720,107,119,,0.135,,
s'agissoit,1710-1720,1740-1750,137,324,,0.1345,,
trouverent,1710-1720,1780-1789,345,1534,,0.1343,,
fumes,1710-1720,1770-1780,172,219,,0.1327,,
nommoit,1740-1750,1789-1802,891,394,,0.1322,0.887,
manqueroit,1710-1720,1720-1730,111,136,,0.1315,,
fimes,1710-1720,1740-1750,234,503,,0.1307,,
cinquieme,1720-1730,1730-1740,182,192,,0.1277,0.817,
voudrait,1740-1750,1750-1760,85,156,,0.1273,,
l'infanterie,1700-1710,1770-1780,100,448,,0.1268,,
sauroient,1700-1710,1740-1750,79,131,,0.1265,,
m'étoit,1700-1710,1710-1720,123,55,,0.1245,,
prétendez,1700-1710,1740-1750,58,151,,0.1238,0.8544,
n'eus,1700-1710,1720-1730,85,104,,0.1231,,
sentoit,1710-1720,1720-1730,119,178,,0.1227,0.8442,
laissoient,1710-1720,1730-1740,117,245,,0.1224,0.9414,
s'imaginent,1700-1710,1740-1750,127,143,,0.122,,
charmée,1700-1710,1710-1720,68,69,,0.1211,0.4215,
greffiers,1760-1770,1770-1780,461,369,,0.1209,0.7169,
jeudi,1730-1740,1789-1802,107,889,,0.1208,0.9425,
pouvais,1700-1710,1750-1760,61,77,,0.1202,0.7483,
c'el,1720-1730,1750-1760,300,340,,0.1198,,
goldsmithsâ,1700-1710,1789-1802,68,1681,,0.1185,,
poires,1760-1770,1780-1789,253,284,,0.1178,,
fîmes,1710-1720,1789-1802,96,314,,0.1177,,
s'est,1720-1730,1730-1740,3318,4764,,0.1166,,
n'eut,1710-1720,1740-1750,779,1800,,0.1161,,
devront,1720-1730,1740-1750,77,137,,0.1143,0.5199,
prétendoient,1700-1710,1720-1730,61,147,,0.1136,0.7565,
allions,1700-1710,1730-1740,72,153,,0.1136,,
pourrais,1700-1710,1750-1760,89,134,,0.1132,,
l'avois,1710-1720,1720-1730,118,142,,0.1124,,
junon,1710-1720,1789-1802,804,192,,0.1122,,
faudrait,1710-1720,1740-1750,118,132,,0.1107,0.6458,
connaissez,1730-1740,1760-1770,171,262,,0.11,0.2635,
rives,1740-1750,1789-1802,342,701,,0.1087,0.8947,
n'étois,1700-1710,1710-1720,70,78,,0.1084,,
saurait,1720-1730,1770-1780,94,366,,0.1078,,
pourvoient,1700-1710,1730-1740,50,75,,0.1057,,
eûmes,1710-1720,1730-1740,103,138,,0.1051,,
prenoient,1700-1710,1740-1750,159,450,,0.1047,0.7819,
n'étant,1700-1710,1750-1760,641,1351,,0.1045,,
trouveroient,1700-1710,1720-1730,91,212,,0.1044,0.8698,
j'eusse,1720-1730,1789-1802,145,727,,0.1044,,
puifle,1750-1760,1780-1789,162,338,,0.104,,
s'être,1710-1720,1780-1789,503,2586,,0.1005,,
l'auroit,1700-1710,1720-1730,173,272,,0.1002,,
voulais,1750-1760,1760-1770,92,148,,0.0999,,
j'aurais,1700-1710,1750-1760,104,195,,0.0986,,
s'étaient,1730-1740,1740-1750,80,62,,0.0982,,
puissiez,1700-1710,1730-1740,105,229,,0.0978,,
puisent,1750-1760,1789-1802,152,180,,0.0958,,
voulût,1710-1720,1750-1760,261,376,,0.0949,,
feriez,1730-1740,1760-1770,327,611,,0.0948,0.597,
l'ai,1700-1710,1760-1770,1292,5022,,0.0928,,
j'avais,1700-1710,1750-1760,268,333,,0.0928,,
pouvaient,1730-1740,1740-1750,160,110,,0.0925,,
voudriez,1720-1730,1730-1740,65,216,,0.091,0.8783,
êrre,1710-1720,1730-1740,79,117,,0.09,,
pouviez,1700-1710,1720-1730,89,71,,0.0898,,
devriez,1730-1740,1780-1789,92,247,,0.0895,0.5233,
vouliez,1720-1730,1750-1760,101,232,,0.0882,,
deviez,1710-1720,1750-1760,96,185,,0.0872,,
devaient,1700-1710,1730-1740,50,86,,0.0869,0.775,
l'eût,1700-1710,1710-1720,246,216,,0.0868,,
voulions,1750-1760,1789-1802,129,234,,0.0858,,
seigle,1730-1740,1760-1770,155,1145,,0.0854,0.9877,
fissent,1710-1720,1740-1750,123,172,,0.085,,
m'avoit,1710-1720,1720-1730,219,423,,0.0843,,
n'cft,1710-1720,1740-1750,237,171,,0.0832,,
suissent,1700-1710,1750-1760,90,221,,0.083,,
vîmes,1750-1760,1770-1780,106,194,,0.0806,,
eussiez,1730-1740,1760-1770,122,196,,0.0805,,
n'ayant,1700-1710,1730-1740,866,1771,,0.0794,,
n'avais,1700-1710,1760-1770,72,150,,0.0793,,
t'ai,1700-1710,1720-1730,274,146,,0.0783,,
faisaient,1700-1710,1740-1750,138,101,,0.077,0.7287,
j'étais,1700-1710,1750-1760,232,305,,0.0749,,
devions,1700-1710,1780-1789,86,394,,0.0741,,
d'octobre,1710-1720,1770-1780,398,532,,0.0736,,
n'auroit,1700-1710,1720-1730,685,1081,,0.0717,,
serions,1710-1720,1740-1750,80,120,,0.0703,,
n'aurois,1700-1710,1710-1720,134,160,,0.0702,,
seraient,1730-1740,1740-1750,159,117,,0.0702,,
pourrons,1700-1710,1710-1720,139,119,,0.0697,,
j'aurois,1700-1710,1710-1720,414,457,,0.0671,,
d'août,1730-1740,1780-1789,1006,1197,,0.0655,,
n'eurent,1750-1760,1789-1802,346,514,,0.0647,,
google,1730-1740,1780-1789,436,1214,,0.0646,,
m'avait,1700-1710,1760-1770,99,181,,0.0604,,
m'avoir,1710-1720,1740-1750,254,622,,0.0585,,
pourraient,1730-1740,1740-1750,104,110,,0.0579,,
l'avait,1730-1740,1740-1750,283,150,,0.0572,,
n'eit,1780-1789,1789-1802,721,441,,0.0531,,
m'eût,1700-1710,1710-1720,80,102,,0.053,,
l'avoient,1710-1720,1750-1760,314,802,,0.0528,,
n'auront,1700-1710,1720-1730,160,317,,0.0475,,
n'aurait,1720-1730,1730-1740,111,172,,0.0439,,
literature,1740-1750,1789-1802,114,1693,,0.041,,
n'aient,1710-1720,1740-1750,74,313,,0.0395,,
n'avois,1710-1720,1720-1730,247,412,,0.0377,,
n'eût,1710-1720,1730-1740,745,1562,,0.037,,
n'et,1700-1710,1720-1730,325,371,,0.0308,,
n'étaient,1700-1710,1720-1730,140,120,,0.0297,,
n'avaient,1700-1710,1730-1740,145,163,,0.0253,,
s'était,1740-1750,1750-1760,209,504,,0.0236,,
n'auroient,1700-1710,1740-1750,250,650,,0.0202,,
avaient,1710-1720,1720-1730,1761,652,,0.0174,,
n'ayent,1740-1750,1770-1780,450,419,,0.0173,,
n'eussent,1700-1710,1789-1802,108,809,,0.0131,,
