word,period1,period2,cosine_distance,cosine_similarity,occ1,occ2,degree,cosine_distance_camembert,cosine_similarity_camembert,cosine_distance_dalembert,cosine_similarity_dalembert
exposant,1770-1780,1789-1802,0.950088,0.049912,321,194,,,,,
sortira,1700-1710,1710-1720,0.945343,0.054657,84,132,,0.024524,0.975476,,
l'avenir,1780-1789,1789-1802,0.920749,0.079251,3801,3842,,,,,
feurs,1710-1720,1780-1789,0.917525,0.082475,214,604,,0.019741,0.980259,,
rançon,1710-1720,1789-1802,0.902784,0.097216,120,186,,0.010196,0.989804,,
guéres,1770-1780,1780-1789,0.901798,0.098202,183,77,,,,,
rappel,1730-1740,1770-1780,0.89025,0.10975,172,553,,,,,
altesse,1710-1720,1730-1740,0.882639,0.117361,406,488,,,,,
venois,1710-1720,1720-1730,0.879922,0.120078,97,189,,0.02584,0.97416,,
l'étranger,1710-1720,1760-1770,0.875388,0.124612,86,1719,,,,,
d'égard,1760-1770,1780-1789,0.873961,0.126039,124,178,,,,,
aiant,1780-1789,1789-1802,0.871587,0.128413,383,102,,,,,
apris,1780-1789,1789-1802,0.870399,0.129601,247,269,,,,,
l'impuissance,1710-1720,1760-1770,0.858522,0.141478,60,234,,,,,
quelqu'une,1710-1720,1770-1780,0.851389,0.148611,148,394,,,,,
d'amis,1710-1720,1780-1789,0.844922,0.155078,120,548,,,,,
sçais,1700-1710,1789-1802,0.843504,0.156496,101,79,,0.184227,0.815773,,
obli,1700-1710,1780-1789,0.840664,0.159336,210,471,,0.013493,0.986507,,
vuider,1730-1740,1789-1802,0.836198,0.163802,114,173,,,,,
dignement,1730-1740,1760-1770,0.833866,0.166134,177,192,,,,,
d'en,1710-1720,1740-1750,0.828749,0.171251,7563,10661,,,,,
supposons,1700-1710,1730-1740,0.815034,0.184966,132,213,,0.025482,0.974518,,
d'etat,1740-1750,1789-1802,0.810814,0.189186,1548,1832,,,,,
s'informer,1710-1720,1770-1780,0.81065,0.18935,86,282,,,,,
paier,1760-1770,1789-1802,0.808333,0.191667,139,94,,,,,
pour,1710-1720,1750-1760,0.804353,0.195647,175155,296485,,0.006659,0.993341,,
d'exprimer,1700-1710,1720-1730,0.802121,0.197879,75,51,,,,,
l'aumône,1720-1730,1750-1760,0.799422,0.200578,59,144,,,,,
secrette,1740-1750,1789-1802,0.799176,0.200824,251,382,,0.015659,0.984341,,
s'ef,1700-1710,1720-1730,0.798174,0.201826,59,126,,,,,
coûter,1720-1730,1770-1780,0.79431,0.20569,63,397,,,,,
d'application,1760-1770,1789-1802,0.793614,0.206386,153,137,,,,,
répéter,1700-1710,1710-1720,0.792035,0.207965,67,125,,0.015146,0.984854,,
consistent,1710-1720,1770-1780,0.791223,0.208777,52,233,,0.023021,0.976979,,
impatient,1710-1720,1780-1789,0.791042,0.208958,103,356,,,,,
d'épée,1700-1710,1750-1760,0.790358,0.209642,59,112,,,,,
l'est,1730-1740,1789-1802,0.788942,0.211058,1158,4373,,,,,
l'immortalité,1710-1720,1760-1770,0.784345,0.215655,100,440,,,,,
protestation,1710-1720,1760-1770,0.783702,0.216298,67,86,,0.017085,0.982915,,
dépendoit,1710-1720,1780-1789,0.782273,0.217727,71,427,,0.049398,0.950602,,
meure,1710-1720,1720-1730,0.782146,0.217854,223,213,,,,,
sonner,1730-1740,1750-1760,0.781791,0.218209,185,172,,0.020536,0.979464,,
gueres,1750-1760,1789-1802,0.776496,0.223504,695,295,,0.01834,0.98166,,
relâcher,1710-1720,1730-1740,0.776182,0.223818,91,182,,0.030322,0.969678,,
reliefs,1730-1740,1740-1750,0.772688,0.227312,65,103,,,,,
foye,1750-1760,1789-1802,0.772319,0.227681,1046,67,,,,,
fruitiers,1710-1720,1760-1770,0.772261,0.227739,402,329,,,,,
estre,1740-1750,1789-1802,0.771332,0.228668,2396,136,,,,,
l'oblige,1710-1720,1740-1750,0.770684,0.229316,61,92,,,,,
regretter,1700-1710,1750-1760,0.770047,0.229953,51,331,,0.011266,0.988734,,
teinte,1740-1750,1760-1770,0.76966,0.23034,127,474,,0.043135,0.956865,,
languir,1720-1730,1760-1770,0.767184,0.232816,81,343,,0.023146,0.976854,,
senat,1760-1770,1789-1802,0.76698,0.23302,56,63,,,,,
d'orléans,1720-1730,1770-1780,0.76692,0.23308,1253,1968,,,,,
défenses,1710-1720,1789-1802,0.766886,0.233114,3710,480,,,,,
sçavoir,1710-1720,1789-1802,0.766877,0.233123,2562,339,,,,,
convint,1700-1710,1789-1802,0.766694,0.233306,63,426,,0.028116,0.971884,,
infideles,1720-1730,1789-1802,0.765758,0.234242,63,83,,,,,
souviens,1770-1780,1780-1789,0.764722,0.235278,615,743,,,,,
enleva,1710-1720,1740-1750,0.764004,0.235996,80,202,,0.018441,0.981559,,
culier,1710-1720,1789-1802,0.763762,0.236238,70,182,,,,,
guérison,1710-1720,1750-1760,0.762831,0.237169,109,264,,0.012726,0.987274,,
jeûne,1720-1730,1760-1770,0.760958,0.239042,105,147,,0.010149,0.989851,,
travailloit,1720-1730,1750-1760,0.760436,0.239564,139,264,,,,,
l'indignation,1700-1710,1730-1740,0.75821,0.24179,59,214,,,,,
rions,1720-1730,1760-1770,0.756223,0.243777,184,388,,0.012877,0.987123,,
librairie,1720-1730,1789-1802,0.755734,0.244266,111,185,,0.032169,0.967831,,
cune,1720-1730,1770-1780,0.755362,0.244638,170,645,,0.015437,0.984563,,
qu'étant,1720-1730,1770-1780,0.75488,0.24512,442,1037,,,,,
prouvée,1710-1720,1730-1740,0.754868,0.245132,66,134,,0.023922,0.976078,,
guere,1730-1740,1789-1802,0.752797,0.247203,193,384,,0.028027,0.971973,,
d'étonnement,1720-1730,1780-1789,0.752357,0.247643,56,315,,,,,
milice,1720-1730,1730-1740,0.749957,0.250043,428,451,,0.023929,0.976071,,
d'espace,1720-1730,1789-1802,0.74906,0.25094,100,172,,,,,
reglé,1780-1789,1789-1802,0.748536,0.251464,78,50,,,,,
embarrassé,1780-1789,1789-1802,0.747359,0.252641,480,450,,0.026958,0.973042,,
n'appartient,1700-1710,1720-1730,0.747286,0.252714,82,132,,,,,
palier,1710-1720,1789-1802,0.747253,0.252747,126,196,,,,,
deviné,1710-1720,1720-1730,0.747187,0.252813,68,51,,0.014838,0.985162,,
remettant,1700-1710,1730-1740,0.746085,0.253915,81,135,,0.026709,0.973291,,
commençons,1710-1720,1780-1789,0.745743,0.254257,77,309,,0.01339,0.98661,,
nage,1760-1770,1780-1789,0.745436,0.254564,459,809,,0.008743,0.991257,,
n'oublia,1750-1760,1780-1789,0.745132,0.254868,100,164,,,,,
moururent,1720-1730,1730-1740,0.74466,0.25534,81,76,,0.024396,0.975604,,
l'attaquer,1710-1720,1750-1760,0.743312,0.256688,51,194,,,,,
voyager,1700-1710,1730-1740,0.743289,0.256711,84,121,,0.011546,0.988454,,
l'accepter,1720-1730,1770-1780,0.742311,0.257689,62,150,,,,,
tendoit,1700-1710,1750-1760,0.742309,0.257691,67,244,,0.023091,0.976909,,
mâles,1710-1720,1780-1789,0.741751,0.258249,177,1039,,,,,
pére,1720-1730,1780-1789,0.740407,0.259593,865,129,,,,,
purifie,1700-1710,1720-1730,0.739896,0.260104,89,96,,,,,
revenoit,1720-1730,1730-1740,0.739145,0.260855,162,415,,0.042762,0.957238,,
trêve,1700-1710,1710-1720,0.737841,0.262159,81,60,,,,,
d'expérience,1770-1780,1789-1802,0.737336,0.262664,445,293,,,,,
gallicane,1700-1710,1750-1760,0.735902,0.264098,104,98,,,,,
omis,1700-1710,1710-1720,0.735473,0.264527,70,68,,0.007777,0.992223,,
défendoit,1720-1730,1740-1750,0.735059,0.264941,90,163,,0.029013,0.970987,,
conviens,1750-1760,1789-1802,0.734129,0.265871,594,855,,0.028644,0.971356,,
comptoit,1700-1710,1720-1730,0.73355,0.26645,113,192,,0.034754,0.965246,,
commencez,1700-1710,1760-1770,0.733413,0.266587,94,243,,,,,
fendu,1710-1720,1730-1740,0.732662,0.267338,78,81,,0.012072,0.987928,,
livra,1700-1710,1710-1720,0.732468,0.267532,82,81,,0.014277,0.985723,,
éternellement,1780-1789,1789-1802,0.732139,0.267861,532,539,,,,,
d'agrément,1780-1789,1789-1802,0.731005,0.268995,329,207,,,,,
choisie,1720-1730,1740-1750,0.730466,0.269534,71,152,,0.012512,0.987488,,
dont,1760-1770,1770-1780,0.730432,0.269568,97594,133578,,0.012077,0.987923,,
suffisant,1750-1760,1770-1780,0.729918,0.270082,263,451,,0.014683,0.985317,,
refroidir,1740-1750,1789-1802,0.729903,0.270097,96,163,,,,,
travailla,1710-1720,1789-1802,0.727408,0.272592,97,249,,,,,
refaits,1740-1750,1789-1802,0.726877,0.273123,91,71,,,,,
l'attendre,1700-1710,1710-1720,0.726182,0.273818,60,73,,,,,
qu'ont,1700-1710,1740-1750,0.725868,0.274132,191,451,,,,,
cabinets,1770-1780,1789-1802,0.724542,0.275458,496,682,,,,,
péri,1700-1710,1710-1720,0.723301,0.276699,53,86,,0.009868,0.990132,,
comprit,1710-1720,1750-1760,0.721955,0.278045,88,195,,0.01274,0.98726,,
n'au,1720-1730,1730-1740,0.721806,0.278194,99,155,,,,,
d'inquiétude,1720-1730,1770-1780,0.721475,0.278525,54,334,,,,,
dommages,1760-1770,1770-1780,0.721137,0.278863,1148,849,,,,,
défunt,1750-1760,1780-1789,0.720964,0.279036,396,483,,,,,
l'attaque,1710-1720,1720-1730,0.720479,0.279521,70,384,,,,,
crever,1730-1740,1760-1770,0.720298,0.279702,97,130,,,,,
d'habits,1700-1710,1720-1730,0.720256,0.279744,81,86,,,,,
qu'avoit,1720-1730,1789-1802,0.720227,0.279773,149,625,,,,,
conta,1760-1770,1770-1780,0.718393,0.281607,152,251,,,,,
confia,1710-1720,1720-1730,0.716999,0.283001,67,78,,0.020035,0.979965,,
saluer,1740-1750,1750-1760,0.7169,0.2831,207,51,,,,,
ordon,1780-1789,1789-1802,0.716427,0.283573,617,429,,0.009541,0.990459,,
s'adressant,1710-1720,1750-1760,0.716292,0.283708,98,137,,,,,
manuscrits,1710-1720,1789-1802,0.716078,0.283922,875,524,,,,,
d'hercule,1700-1710,1789-1802,0.715278,0.284722,51,241,,,,,
méritoit,1720-1730,1780-1789,0.714999,0.285001,170,824,,0.030816,0.969184,,
corporelle,1750-1760,1789-1802,0.714764,0.285236,187,136,,,,,
breuvage,1720-1730,1730-1740,0.714696,0.285304,59,133,,,,,
s'et,1700-1710,1710-1720,0.713957,0.286043,63,50,,,,,
promettant,1710-1720,1750-1760,0.713625,0.286375,90,326,,0.017042,0.982958,,
accommoder,1760-1770,1780-1789,0.713482,0.286518,124,175,,,,,
discerner,1740-1750,1750-1760,0.713197,0.286803,209,271,,,,,
ferveur,1710-1720,1720-1730,0.712786,0.287214,83,63,,,,,
profanes,1740-1750,1770-1780,0.71259,0.28741,118,352,,,,,
acquisition,1720-1730,1760-1770,0.711795,0.288205,50,185,,,,,
s'adresser,1730-1740,1760-1770,0.711301,0.288699,106,623,,,,,
commise,1700-1710,1770-1780,0.711034,0.288966,90,399,,0.016975,0.983025,,
premiére,1780-1789,1789-1802,0.71074,0.28926,115,97,,,,,
avoué,1700-1710,1720-1730,0.710556,0.289444,61,84,,0.009655,0.990345,,
purgatoire,1700-1710,1710-1720,0.710536,0.289464,54,86,,0.024053,0.975947,,
dose,1730-1740,1789-1802,0.709911,0.290089,70,329,,0.011538,0.988462,,
s'exprime,1700-1710,1760-1770,0.709628,0.290372,54,455,,,,,
c'cst,1710-1720,1740-1750,0.709432,0.290568,109,615,,,,,
remarqua,1730-1740,1750-1760,0.707744,0.292256,143,196,,,,,
continuoit,1720-1730,1789-1802,0.707659,0.292341,86,294,,0.027195,0.972805,,
croirois,1710-1720,1750-1760,0.707208,0.292792,100,292,,0.037603,0.962397,,
l'ornement,1700-1710,1750-1760,0.706709,0.293291,97,264,,,,,
proches,1710-1720,1760-1770,0.706404,0.293596,385,584,,,,,
perde,1700-1710,1780-1789,0.705902,0.294098,115,333,,0.024477,0.975523,,
l'oreille,1710-1720,1740-1750,0.705857,0.294143,398,650,,,,,
repasser,1720-1730,1760-1770,0.705283,0.294717,72,244,,0.015406,0.984594,,
mineurs,1720-1730,1770-1780,0.704852,0.295148,180,1245,,,,,
cabane,1710-1720,1770-1780,0.703388,0.296612,59,481,,0.014483,0.985517,,
prescrire,1710-1720,1720-1730,0.703359,0.296641,141,76,,0.01258,0.98742,,
assembla,1730-1740,1780-1789,0.702874,0.297126,150,346,,,,,
expliquez,1710-1720,1720-1730,0.702794,0.297206,138,118,,,,,
tousses,1780-1789,1789-1802,0.701988,0.298012,304,431,,0.011212,0.988788,,
feize,1710-1720,1780-1789,0.701866,0.298134,52,944,,0.02918,0.97082,,
assurent,1760-1770,1789-1802,0.701781,0.298219,426,620,,0.012908,0.987092,,
attribuent,1710-1720,1760-1770,0.701548,0.298452,76,284,,0.027696,0.972304,,
promise,1760-1770,1789-1802,0.70148,0.29852,265,462,,,,,
scait,1750-1760,1789-1802,0.700774,0.299226,393,62,,,,,
passera,1720-1730,1740-1750,0.700518,0.299482,102,160,,0.011702,0.988298,,
devienne,1700-1710,1720-1730,0.699789,0.300211,93,110,,0.022025,0.977975,,
croirai,1700-1710,1730-1740,0.699182,0.300818,60,115,,0.031006,0.968994,,
d'honneurs,1710-1720,1740-1750,0.698629,0.301371,53,130,,,,,
détaché,1710-1720,1750-1760,0.697728,0.302272,73,174,,0.009878,0.990122,,
enterrer,1720-1730,1730-1740,0.69587,0.30413,115,99,,,,,
l'or,1720-1730,1740-1750,0.695009,0.304991,1275,2048,,,,,
préparation,1700-1710,1730-1740,0.695,0.305,79,207,,0.011073,0.988927,,
resolu,1760-1770,1789-1802,0.694906,0.305094,68,90,,,,,
accepta,1710-1720,1760-1770,0.694532,0.305468,69,170,,0.015241,0.984759,,
d'écrire,1700-1710,1710-1720,0.69431,0.30569,302,308,,,,,
produisit,1720-1730,1750-1760,0.694305,0.305695,168,441,,0.016726,0.983274,,
l'heureux,1700-1710,1740-1750,0.693844,0.306156,103,261,,,,,
portât,1700-1710,1710-1720,0.692698,0.307302,51,69,,0.028396,0.971604,,
retournez,1700-1710,1720-1730,0.692186,0.307814,60,78,,,,,
pourvû,1780-1789,1789-1802,0.691804,0.308196,91,82,,,,,
rompit,1740-1750,1770-1780,0.691556,0.308444,297,253,,,,,
pasteur,1710-1720,1750-1760,0.691296,0.308704,160,200,,,,,
recommanda,1710-1720,1720-1730,0.69092,0.30908,50,69,,0.018348,0.981652,,
esperer,1740-1750,1789-1802,0.690733,0.309267,456,62,,,,,
l'éternité,1710-1720,1750-1760,0.690486,0.309514,71,225,,,,,
répondoit,1710-1720,1780-1789,0.689565,0.310435,78,610,,0.038183,0.961817,,
communion,1770-1780,1780-1789,0.689135,0.310865,714,697,,,,,
perdra,1710-1720,1730-1740,0.689064,0.310936,163,102,,0.022809,0.977191,,
maréchaux,1780-1789,1789-1802,0.688387,0.311613,423,391,,,,,
sortoit,1730-1740,1750-1760,0.688049,0.311951,113,136,,0.028687,0.971313,,
l'heure,1740-1750,1760-1770,0.687905,0.312095,1164,1375,,,,,
l'habit,1700-1710,1720-1730,0.68755,0.31245,180,255,,,,,
parcouru,1710-1720,1760-1770,0.687505,0.312495,80,359,,0.018201,0.981799,,
d'avantage,1710-1720,1740-1750,0.687071,0.312929,303,553,,,,,
tommes,1700-1710,1710-1720,0.686744,0.313256,101,119,,0.013755,0.986245,,
releva,1710-1720,1720-1730,0.686169,0.313831,55,85,,0.011684,0.988316,,
joueur,1700-1710,1720-1730,0.685807,0.314193,212,88,,,,,
bague,1720-1730,1730-1740,0.685574,0.314426,82,96,,,,,
incommodé,1700-1710,1710-1720,0.684156,0.315844,87,50,,,,,
bâtards,1710-1720,1730-1740,0.684121,0.315879,481,65,,,,,
marquent,1730-1740,1780-1789,0.684078,0.315922,351,333,,0.020847,0.979153,,
paysan,1710-1720,1789-1802,0.682976,0.317024,173,820,,0.022462,0.977538,,
assemblage,1770-1780,1789-1802,0.681982,0.318018,595,356,,0.013107,0.986893,,
bâtard,1740-1750,1770-1780,0.681779,0.318221,147,269,,,,,
s'accorder,1750-1760,1760-1770,0.681682,0.318318,232,241,,,,,
recommencer,1700-1710,1780-1789,0.68145,0.31855,108,474,,0.012561,0.987439,,
fache,1700-1710,1720-1730,0.680816,0.319184,67,77,,0.024985,0.975015,,
l'empêcher,1710-1720,1740-1750,0.680713,0.319287,166,297,,,,,
habiller,1750-1760,1760-1770,0.678977,0.321023,77,119,,,,,
s'approcher,1710-1720,1750-1760,0.67879,0.32121,66,152,,,,,
amples,1770-1780,1789-1802,0.678778,0.321222,169,115,,,,,
sacremens,1720-1730,1780-1789,0.677983,0.322017,256,279,,,,,
cacha,1720-1730,1750-1760,0.677977,0.322023,63,111,,,,,
sentant,1710-1720,1720-1730,0.677625,0.322375,117,126,,0.015547,0.984453,,
s'entendre,1710-1720,1789-1802,0.676849,0.323151,122,448,,,,,
reconnoît,1740-1750,1789-1802,0.676613,0.323387,415,618,,0.026341,0.973659,,
aîles,1720-1730,1780-1789,0.675921,0.324079,506,596,,,,,
paie,1710-1720,1730-1740,0.675762,0.324238,110,207,,0.021285,0.978715,,
refuté,1720-1730,1770-1780,0.675562,0.324438,80,325,,0.022565,0.977435,,
omettre,1710-1720,1789-1802,0.674666,0.325334,80,252,,0.021358,0.978642,,
sauva,1710-1720,1730-1740,0.674558,0.325442,103,116,,0.022077,0.977923,,
l'étonnement,1700-1710,1789-1802,0.673347,0.326653,57,319,,,,,
continuez,1720-1730,1780-1789,0.672878,0.327122,123,325,,0.01525,0.98475,,
stipulé,1710-1720,1789-1802,0.672125,0.327875,62,270,,0.049611,0.950389,,
espere,1710-1720,1750-1760,0.671445,0.328555,91,172,,0.023292,0.976708,,
inventé,1700-1710,1720-1730,0.671429,0.328571,155,163,,,,,
rapporta,1700-1710,1730-1740,0.671413,0.328587,57,137,,0.017835,0.982165,,
pinceau,1710-1720,1770-1780,0.670669,0.329331,214,976,,,,,
derrière,1730-1740,1789-1802,0.670593,0.329407,552,2515,,,,,
examinons,1710-1720,1770-1780,0.670477,0.329523,87,516,,0.01687,0.98313,,
pratiqué,1720-1730,1770-1780,0.670464,0.329536,332,750,,,,,
parût,1700-1710,1720-1730,0.670003,0.329997,144,134,,,,,
chrif,1760-1770,1770-1780,0.670002,0.329998,118,88,,,,,
sçait,1720-1730,1789-1802,0.669988,0.330012,998,120,,,,,
l'après,1740-1750,1789-1802,0.668893,0.331107,352,588,,,,,
tirez,1720-1730,1740-1750,0.668876,0.331124,497,227,,,,,
confirma,1730-1740,1760-1770,0.66878,0.33122,270,354,,0.017319,0.982681,,
prédit,1710-1720,1720-1730,0.668429,0.331571,190,144,,0.008018,0.991982,,
plaignoit,1710-1720,1720-1730,0.66839,0.33161,62,101,,0.035797,0.964203,,
gouvernail,1730-1740,1750-1760,0.667976,0.332024,106,136,,,,,
m'étonne,1720-1730,1760-1770,0.667724,0.332276,155,255,,,,,
permettra,1720-1730,1740-1750,0.666447,0.333553,87,170,,0.014631,0.985369,,
remontrance,1700-1710,1789-1802,0.666083,0.333917,99,99,,,,,
partez,1720-1730,1740-1750,0.665923,0.334077,97,124,,,,,
d'avis,1730-1740,1789-1802,0.665888,0.334112,646,733,,,,,
recherché,1710-1720,1750-1760,0.665589,0.334411,117,270,,0.007566,0.992434,,
certificats,1740-1750,1789-1802,0.665517,0.334483,330,973,,0.016398,0.983602,,
faison,1710-1720,1720-1730,0.664861,0.335139,104,187,,0.024036,0.975964,,
vantent,1700-1710,1710-1720,0.66484,0.33516,59,50,,,,,
reins,1700-1710,1740-1750,0.664509,0.335491,141,481,,0.045408,0.954592,,
pcre,1710-1720,1760-1770,0.663978,0.336022,55,124,,,,,
enseigné,1730-1740,1740-1750,0.663921,0.336079,234,281,,,,,
distinguent,1710-1720,1760-1770,0.663127,0.336873,94,440,,0.022197,0.977803,,
délais,1700-1710,1789-1802,0.662801,0.337199,128,716,,,,,
écoit,1710-1720,1720-1730,0.662794,0.337206,68,124,,0.024594,0.975406,,
proposoit,1710-1720,1780-1789,0.661363,0.338637,74,861,,0.061479,0.938521,,
ignoré,1710-1720,1730-1740,0.661283,0.338717,109,250,,0.010025,0.989975,,
revienne,1720-1730,1760-1770,0.660638,0.339362,60,131,,0.017945,0.982055,,
communiqué,1720-1730,1760-1770,0.66063,0.33937,185,395,,0.01804,0.98196,,
incomparable,1700-1710,1760-1770,0.660407,0.339593,103,147,,,,,
l'infante,1720-1730,1760-1770,0.659959,0.340041,142,67,,,,,
copier,1700-1710,1720-1730,0.659165,0.340835,106,106,,0.008247,0.991753,,
obligent,1730-1740,1760-1770,0.658755,0.341245,115,294,,0.034832,0.965168,,
précipitation,1700-1710,1750-1760,0.65853,0.34147,124,419,,0.01342,0.98658,,
prophete,1740-1750,1760-1770,0.657742,0.342258,144,92,,,,,
l'épée,1730-1740,1740-1750,0.657719,0.342281,663,570,,,,,
s'avisa,1700-1710,1760-1770,0.657418,0.342582,55,91,,,,,
immortels,1710-1720,1730-1740,0.657002,0.342998,323,399,,0.02455,0.97545,,
edifices,1700-1710,1789-1802,0.65696,0.34304,77,51,,,,,
détachement,1710-1720,1789-1802,0.65607,0.34393,65,913,,,,,
tontes,1720-1730,1760-1770,0.655814,0.344186,86,138,,0.015144,0.984856,,
absent,1720-1730,1730-1740,0.655344,0.344656,114,273,,,,,
moisson,1730-1740,1750-1760,0.655196,0.344804,55,199,,0.04193,0.95807,,
reprises,1760-1770,1780-1789,0.655077,0.344923,819,903,,0.025934,0.974066,,
methode,1780-1789,1789-1802,0.654949,0.345051,119,79,,,,,
excessive,1720-1730,1730-1740,0.65446,0.34554,112,141,,0.011902,0.988098,,
d'ordinaire,1780-1789,1789-1802,0.653583,0.346417,620,291,,,,,
considerer,1770-1780,1780-1789,0.653423,0.346577,122,235,,,,,
works,1730-1740,1789-1802,0.652831,0.347169,262,220,,,,,
fortoit,1710-1720,1740-1750,0.652642,0.347358,53,157,,0.027021,0.972979,,
magnifiquement,1710-1720,1720-1730,0.652633,0.347367,88,119,,,,,
consens,1710-1720,1760-1770,0.652367,0.347633,176,231,,,,,
s'établir,1710-1720,1720-1730,0.652171,0.347829,151,210,,,,,
oppositions,1710-1720,1750-1760,0.651695,0.348305,634,333,,,,,
trouvois,1700-1710,1710-1720,0.651553,0.348447,78,53,,0.036102,0.963898,,
exigé,1720-1730,1730-1740,0.651102,0.348898,61,286,,0.016587,0.983413,,
susdit,1740-1750,1760-1770,0.650566,0.349434,75,148,,,,,
qu'ai,1710-1720,1730-1740,0.650373,0.349627,92,168,,,,,
m'oblige,1700-1710,1710-1720,0.649375,0.350625,64,61,,,,,
enseignent,1750-1760,1789-1802,0.649142,0.350858,122,91,,,,,
écouté,1710-1720,1730-1740,0.649017,0.350983,100,284,,,,,
reviendra,1710-1720,1740-1750,0.648646,0.351354,111,167,,0.02258,0.97742,,
évité,1710-1720,1720-1730,0.648533,0.351467,64,56,,0.015699,0.984301,,
remuer,1710-1720,1740-1750,0.648162,0.351838,312,348,,,,,
gentil,1710-1720,1730-1740,0.647933,0.352067,129,184,,0.014085,0.985915,,
matelot,1700-1710,1730-1740,0.647295,0.352705,110,93,,,,,
jouent,1770-1780,1789-1802,0.647062,0.352938,380,305,,,,,
chats,1710-1720,1720-1730,0.646009,0.353991,94,381,,0.019323,0.980677,,
pompeux,1760-1770,1780-1789,0.644255,0.355745,244,551,,0.014611,0.985389,,
d'armée,1730-1740,1789-1802,0.642873,0.357127,330,441,,,,,
empêcha,1700-1710,1710-1720,0.642496,0.357504,89,61,,,,,
l'aile,1710-1720,1789-1802,0.642462,0.357538,63,397,,,,,
d'avoir,1710-1720,1730-1740,0.642411,0.357589,4584,7144,,,,,
d'aller,1720-1730,1780-1789,0.64212,0.35788,1445,5281,,,,,
contenté,1780-1789,1789-1802,0.642059,0.357941,473,262,,,,,
passons,1700-1710,1780-1789,0.641678,0.358322,74,592,,0.013962,0.986038,,
parente,1710-1720,1720-1730,0.64162,0.35838,64,79,,,,,
douté,1740-1750,1780-1789,0.641485,0.358515,133,326,,0.03144,0.96856,,
rudes,1780-1789,1789-1802,0.641135,0.358865,542,269,,,,,
enfoncer,1710-1720,1750-1760,0.640764,0.359236,56,67,,,,,
inconveniens,1770-1780,1789-1802,0.640663,0.359337,107,135,,,,,
suive,1700-1710,1780-1789,0.640603,0.359397,60,272,,0.018681,0.981319,,
pilote,1710-1720,1760-1770,0.64052,0.35948,205,497,,,,,
poules,1730-1740,1789-1802,0.640007,0.359993,210,351,,,,,
brisé,1720-1730,1770-1780,0.639876,0.360124,73,479,,0.012782,0.987218,,
gouvernante,1730-1740,1740-1750,0.639711,0.360289,200,386,,,,,
laide,1720-1730,1740-1750,0.63965,0.36035,90,208,,,,,
chretiens,1750-1760,1789-1802,0.639366,0.360634,60,52,,,,,
représenta,1700-1710,1789-1802,0.63914,0.36086,136,387,,0.028265,0.971735,,
poursuivi,1700-1710,1710-1720,0.638932,0.361068,111,114,,0.014521,0.985479,,
chanoine,1760-1770,1780-1789,0.638837,0.361163,389,555,,,,,
fendre,1740-1750,1760-1770,0.638731,0.361269,256,571,,,,,
d'or,1720-1730,1760-1770,0.6387,0.3613,5683,11958,,,,,
hoirs,1750-1760,1770-1780,0.63828,0.36172,51,161,,,,,
promenant,1720-1730,1730-1740,0.638258,0.361742,71,99,,0.028055,0.971945,,
consulat,1730-1740,1789-1802,0.637848,0.362152,167,387,,,,,
vicaires,1740-1750,1760-1770,0.636901,0.363099,184,246,,,,,
spirituelles,1730-1740,1760-1770,0.636849,0.363151,50,132,,,,,
fournie,1720-1730,1740-1750,0.636433,0.363567,121,192,,0.021353,0.978647,,
saurai,1720-1730,1740-1750,0.636221,0.363779,52,71,,,,,
visages,1780-1789,1789-1802,0.635974,0.364026,423,305,,,,,
priere,1720-1730,1730-1740,0.635605,0.364395,519,572,,,,,
éclats,1760-1770,1789-1802,0.63542,0.36458,405,495,,,,,
toucha,1710-1720,1720-1730,0.635071,0.364929,70,81,,,,,
requises,1710-1720,1770-1780,0.634964,0.365036,115,234,,,,,
négligé,1710-1720,1730-1740,0.63492,0.36508,130,340,,0.01098,0.98902,,
cadets,1730-1740,1789-1802,0.63491,0.36509,51,295,,,,,
confesseur,1710-1720,1740-1750,0.634462,0.365538,314,113,,,,,
devrois,1720-1730,1740-1750,0.6342,0.3658,89,155,,,,,
dérobé,1760-1770,1770-1780,0.634022,0.365978,186,258,,,,,
emporta,1700-1710,1740-1750,0.633905,0.366095,87,132,,,,,
qu'au,1700-1710,1730-1740,0.633848,0.366152,1563,3143,,,,,
tournent,1700-1710,1780-1789,0.633658,0.366342,99,472,,0.024208,0.975792,,
offrandes,1700-1710,1720-1730,0.633411,0.366589,50,139,,0.03766,0.96234,,
ecrit,1720-1730,1740-1750,0.632898,0.367102,226,484,,,,,
cultivé,1750-1760,1770-1780,0.632639,0.367361,504,1014,,0.009831,0.990169,,
iroit,1710-1720,1720-1730,0.632003,0.367997,132,143,,0.021466,0.978534,,
d'étendue,1720-1730,1789-1802,0.631899,0.368101,100,620,,,,,
l'avocat,1750-1760,1789-1802,0.631875,0.368125,275,502,,,,,
connois,1700-1710,1750-1760,0.631707,0.368293,94,384,,0.026969,0.973031,,
mariées,1720-1730,1780-1789,0.630596,0.369404,70,278,,,,,
valu,1720-1730,1730-1740,0.630331,0.369669,91,125,,0.025127,0.974873,,
aife,1720-1730,1789-1802,0.630294,0.369706,53,98,,,,,
poursuivit,1730-1740,1780-1789,0.63,0.37,251,460,,,,,
proposées,1700-1710,1789-1802,0.629954,0.370046,68,390,,0.038358,0.961642,,
égaler,1700-1710,1720-1730,0.629736,0.370264,64,83,,0.025232,0.974768,,
l'amiral,1730-1740,1760-1770,0.629654,0.370346,304,1630,,,,,
mécontent,1700-1710,1730-1740,0.629134,0.370866,62,181,,0.012176,0.987824,,
l'artillerie,1700-1710,1720-1730,0.629001,0.370999,106,250,,,,,
l'espace,1700-1710,1789-1802,0.628514,0.371486,291,1728,,,,,
menoit,1700-1710,1760-1770,0.628474,0.371526,69,126,,0.021855,0.978145,,
s'avança,1710-1720,1780-1789,0.628416,0.371584,54,415,,,,,
bergers,1770-1780,1780-1789,0.628406,0.371594,787,982,,,,,
annoncé,1720-1730,1750-1760,0.627978,0.372022,58,268,,0.012517,0.987483,,
brutal,1720-1730,1770-1780,0.627942,0.372058,72,195,,,,,
icelui,1760-1770,1789-1802,0.627439,0.372561,339,113,,,,,
l'arrêter,1710-1720,1720-1730,0.627178,0.372822,77,75,,,,,
retrancher,1700-1710,1720-1730,0.62712,0.37288,212,245,,0.023848,0.976152,,
rejettent,1700-1710,1730-1740,0.627,0.373,71,61,,,,,
septieme,1720-1730,1750-1760,0.626438,0.373562,55,238,,0.035478,0.964522,,
cerveau,1750-1760,1789-1802,0.62602,0.37398,471,458,,,,,
c'els,1710-1720,1730-1740,0.625773,0.374227,86,58,,,,,
suivons,1760-1770,1780-1789,0.625186,0.374814,295,352,,0.00632,0.99368,,
d'expliquer,1730-1740,1740-1750,0.625054,0.374946,267,330,,,,,
choqué,1720-1730,1789-1802,0.624956,0.375044,63,133,,0.015223,0.984777,,
députation,1720-1730,1789-1802,0.624681,0.375319,106,1492,,0.047919,0.952081,,
c'er,1720-1730,1750-1760,0.624665,0.375335,88,120,,,,,
regardons,1740-1750,1770-1780,0.624645,0.375355,113,331,,,,,
supposent,1720-1730,1789-1802,0.6246,0.3754,84,387,,0.021498,0.978502,,
c'eil,1720-1730,1730-1740,0.624451,0.375549,92,145,,,,,
foit,1700-1710,1789-1802,0.624058,0.375942,226,387,,0.016733,0.983267,,
mettrai,1700-1710,1720-1730,0.624053,0.375947,93,81,,0.031737,0.968263,,
bibliotheque,1710-1720,1750-1760,0.623914,0.376086,97,682,,,,,
secretaires,1710-1720,1789-1802,0.623854,0.376146,301,88,,,,,
croître,1730-1740,1740-1750,0.623302,0.376698,269,381,,0.012714,0.987286,,
embarquer,1710-1720,1770-1780,0.623204,0.376796,73,171,,,,,
susdites,1700-1710,1789-1802,0.623159,0.376841,115,105,,,,,
commandemens,1770-1780,1789-1802,0.62308,0.37692,196,239,,,,,
privilege,1740-1750,1789-1802,0.623019,0.376981,536,502,,,,,
richement,1710-1720,1770-1780,0.622708,0.377292,69,285,,,,,
jeta,1710-1720,1720-1730,0.622267,0.377733,170,93,,,,,
scpt,1740-1750,1750-1760,0.621617,0.378383,173,320,,,,,
d'espagne,1710-1720,1720-1730,0.621176,0.378824,3111,1882,,,,,
restait,1710-1720,1740-1750,0.621101,0.378899,141,52,,0.031069,0.968931,,
frappa,1710-1720,1730-1740,0.620835,0.379165,74,218,,,,,
convienne,1710-1720,1760-1770,0.620704,0.379296,86,248,,0.034263,0.965737,,
saura,1710-1720,1720-1730,0.620169,0.379831,74,71,,0.013963,0.986037,,
perc,1700-1710,1789-1802,0.620046,0.379954,140,130,,,,,
destine,1720-1730,1760-1770,0.619782,0.380218,125,584,,,,,
saçon,1710-1720,1780-1789,0.619519,0.380481,136,1946,,0.022675,0.977325,,
n'entre,1710-1720,1740-1750,0.619184,0.380816,129,165,,,,,
xxxix,1730-1740,1750-1760,0.619049,0.380951,213,246,,0.01422,0.98578,,
noces,1740-1750,1760-1770,0.618817,0.381183,233,411,,,,,
jolis,1710-1720,1720-1730,0.618697,0.381303,60,59,,0.009973,0.990027,,
apostolique,1740-1750,1770-1780,0.61853,0.38147,223,212,,,,,
partent,1700-1710,1720-1730,0.618151,0.381849,107,155,,0.032399,0.967601,,
goûté,1740-1750,1789-1802,0.618118,0.381882,171,276,,,,,
d'envie,1750-1760,1780-1789,0.618033,0.381967,298,570,,,,,
profita,1710-1720,1750-1760,0.617493,0.382507,97,296,,0.017674,0.982326,,
forfait,1710-1720,1720-1730,0.617465,0.382535,102,76,,0.020385,0.979615,,
sixième,1720-1730,1740-1750,0.617343,0.382657,57,138,,,,,
j'espere,1710-1720,1720-1730,0.617033,0.382967,196,121,,,,,
reliques,1720-1730,1740-1750,0.616879,0.383121,443,160,,,,,
piqué,1760-1770,1770-1780,0.616746,0.383254,292,549,,,,,
contraintes,1700-1710,1740-1750,0.616518,0.383482,73,101,,0.015224,0.984776,,
démons,1720-1730,1780-1789,0.616265,0.383735,63,360,,0.01104,0.98896,,
l'engager,1720-1730,1750-1760,0.616108,0.383892,135,370,,,,,
lazare,1720-1730,1760-1770,0.615976,0.384024,271,206,,0.016303,0.983697,,
collier,1710-1720,1770-1780,0.615964,0.384036,87,489,,,,,
l'année,1720-1730,1730-1740,0.615807,0.384193,2915,4448,,,,,
reçoive,1730-1740,1740-1750,0.615764,0.384236,94,109,,0.030381,0.969619,,
nourrice,1740-1750,1760-1770,0.61576,0.38424,290,457,,,,,
legs,1730-1740,1750-1760,0.615459,0.384541,750,948,,,,,
danois,1720-1730,1740-1750,0.61529,0.38471,243,397,,0.015024,0.984976,,
promettoit,1710-1720,1770-1780,0.615242,0.384758,66,384,,0.026658,0.973342,,
hérétiques,1730-1740,1789-1802,0.614825,0.385175,106,236,,,,,
l'evêque,1710-1720,1730-1740,0.614548,0.385452,353,928,,,,,
orientaux,1730-1740,1740-1750,0.614042,0.385958,97,233,,,,,
lisent,1700-1710,1710-1720,0.613964,0.386036,77,162,,0.02885,0.97115,,
coffre,1710-1720,1789-1802,0.612883,0.387117,193,303,,,,,
joye,1710-1720,1780-1789,0.612384,0.387616,773,650,,,,,
repondit,1710-1720,1770-1780,0.611974,0.388026,67,77,,,,,
pensons,1700-1710,1710-1720,0.611854,0.388146,51,51,,0.015997,0.984003,,
préjudicier,1710-1720,1770-1780,0.611797,0.388203,211,219,,,,,
revivre,1700-1710,1760-1770,0.611707,0.388293,101,335,,0.015538,0.984462,,
qu'aucun,1710-1720,1730-1740,0.610729,0.389271,761,768,,,,,
promptitude,1700-1710,1770-1780,0.610593,0.389407,75,535,,0.061863,0.938137,,
temporelles,1700-1710,1720-1730,0.610365,0.389635,62,61,,,,,
reçût,1750-1760,1789-1802,0.609998,0.390002,77,70,,,,,
pêcheurs,1720-1730,1780-1789,0.609792,0.390208,61,438,,0.015995,0.984005,,
l'age,1710-1720,1760-1770,0.609568,0.390432,67,289,,,,,
écrivent,1710-1720,1740-1750,0.609382,0.390618,87,172,,,,,
sacrement,1760-1770,1770-1780,0.608896,0.391104,295,340,,,,,
d'arriver,1720-1730,1740-1750,0.60881,0.39119,226,480,,,,,
n'ignore,1720-1730,1760-1770,0.608095,0.391905,158,547,,,,,
tenons,1720-1730,1760-1770,0.607772,0.392228,156,544,,,,,
sculpture,1750-1760,1780-1789,0.607448,0.392552,570,896,,0.014777,0.985223,,
maîtresses,1720-1730,1760-1770,0.60698,0.39302,62,159,,,,,
gardoit,1710-1720,1720-1730,0.606812,0.393188,98,108,,0.025074,0.974926,,
implacable,1730-1740,1760-1770,0.606622,0.393378,146,190,,0.010515,0.989485,,
ciens,1720-1730,1789-1802,0.606539,0.393461,162,325,,,,,
d'ouvrir,1700-1710,1720-1730,0.605667,0.394333,109,140,,,,,
desespoir,1750-1760,1780-1789,0.605396,0.394604,172,251,,,,,
prioit,1710-1720,1720-1730,0.604974,0.395026,80,172,,,,,
d'aucuns,1710-1720,1730-1740,0.604841,0.395159,177,101,,,,,
l'encens,1720-1730,1740-1750,0.60453,0.39547,102,143,,,,,
marchoit,1750-1760,1770-1780,0.60444,0.39556,152,277,,,,,
d'anvers,1780-1789,1789-1802,0.604125,0.395875,335,194,,,,,
repliqua,1710-1720,1720-1730,0.604115,0.395885,79,169,,,,,
deuxieme,1710-1720,1720-1730,0.603787,0.396213,54,62,,0.014236,0.985764,,
suffiroit,1720-1730,1730-1740,0.603657,0.396343,97,168,,0.033025,0.966975,,
l'envoyer,1700-1710,1710-1720,0.603617,0.396383,101,72,,,,,
infinies,1740-1750,1770-1780,0.602939,0.397061,179,271,,0.019583,0.980417,,
carosse,1710-1720,1760-1770,0.60256,0.39744,59,73,,,,,
justiciers,1730-1740,1789-1802,0.601935,0.398065,190,74,,,,,
traitoit,1710-1720,1730-1740,0.601731,0.398269,72,233,,0.028166,0.971834,,
qu'avez,1770-1780,1780-1789,0.601719,0.398281,401,514,,,,,
l'aller,1760-1770,1789-1802,0.601361,0.398639,331,211,,,,,
commanda,1710-1720,1789-1802,0.601267,0.398733,177,423,,,,,
abeilles,1740-1750,1750-1760,0.600819,0.399181,583,154,,,,,
retiennent,1740-1750,1780-1789,0.600792,0.399208,123,325,,0.014099,0.985901,,
d'examiner,1710-1720,1720-1730,0.600428,0.399572,212,252,,,,,
raconta,1770-1780,1789-1802,0.600263,0.399737,189,280,,,,,
carême,1750-1760,1780-1789,0.600261,0.399739,186,185,,,,,
s'elt,1700-1710,1730-1740,0.600185,0.399815,79,115,,,,,
levres,1760-1770,1789-1802,0.599642,0.400358,343,164,,0.026066,0.973934,,
réglement,1700-1710,1730-1740,0.599438,0.400562,112,889,,0.055152,0.944848,,
facon,1710-1720,1760-1770,0.599297,0.400703,167,1088,,0.035813,0.964187,,
surintendant,1740-1750,1789-1802,0.599294,0.400706,77,160,,,,,
d'entendre,1720-1730,1789-1802,0.599068,0.400932,314,1048,,,,,
s'appelle,1750-1760,1789-1802,0.599029,0.400971,930,1112,,,,,
rouler,1700-1710,1760-1770,0.599008,0.400992,106,388,,0.017945,0.982055,,
serments,1710-1720,1780-1789,0.598892,0.401108,63,90,,,,,
villeux,1710-1720,1789-1802,0.598735,0.401265,235,134,,,,,
éclaircissement,1750-1760,1780-1789,0.598447,0.401553,115,108,,,,,
conté,1700-1710,1710-1720,0.598201,0.401799,96,92,,,,,
mangeant,1700-1710,1720-1730,0.598142,0.401858,58,77,,,,,
quelqu'autre,1710-1720,1789-1802,0.597323,0.402677,295,436,,,,,
c'ess,1720-1730,1730-1740,0.596765,0.403235,55,91,,,,,
corsaires,1710-1720,1720-1730,0.596678,0.403322,50,165,,,,,
pasteurs,1700-1710,1780-1789,0.596282,0.403718,113,441,,,,,
carrosse,1770-1780,1780-1789,0.596058,0.403942,508,340,,,,,
scipion,1710-1720,1730-1740,0.59584,0.40416,403,2045,,0.01488,0.98512,,
j'en,1710-1720,1780-1789,0.595443,0.404557,3572,12994,,,,,
contraignit,1700-1710,1789-1802,0.595307,0.404693,68,72,,,,,
evangile,1700-1710,1740-1750,0.595148,0.404852,151,116,,,,,
surprit,1730-1740,1789-1802,0.594954,0.405046,231,310,,,,,
rafraîchir,1710-1720,1730-1740,0.593924,0.406076,73,87,,,,,
vrage,1710-1720,1770-1780,0.593855,0.406145,80,492,,,,,
demeurai,1720-1730,1789-1802,0.59365,0.40635,52,59,,,,,
necessaire,1760-1770,1789-1802,0.593438,0.406562,420,376,,,,,
étonnante,1700-1710,1720-1730,0.593371,0.406629,64,71,,0.016277,0.983723,,
emprunté,1770-1780,1789-1802,0.593259,0.406741,603,454,,,,,
approchent,1710-1720,1760-1770,0.593132,0.406868,64,390,,0.025029,0.974971,,
participation,1760-1770,1770-1780,0.592739,0.407261,166,201,,,,,
épargné,1710-1720,1789-1802,0.592677,0.407323,94,448,,0.011305,0.988695,,
l'honneur,1730-1740,1750-1760,0.592448,0.407552,3062,4376,,,,,
témoigné,1760-1770,1789-1802,0.592147,0.407853,209,488,,,,,
maltraité,1710-1720,1760-1770,0.592026,0.407974,73,138,,,,,
s'entretenir,1700-1710,1780-1789,0.591924,0.408076,97,304,,,,,
eues,1750-1760,1789-1802,0.591683,0.408317,248,315,,0.021181,0.978819,,
d'attention,1750-1760,1760-1770,0.591439,0.408561,712,1191,,,,,
avisé,1710-1720,1740-1750,0.59106,0.40894,150,93,,,,,
suivoit,1700-1710,1740-1750,0.590624,0.409376,120,316,,0.022361,0.977639,,
resentes,1780-1789,1789-1802,0.590236,0.409764,50,52,,,,,
renferment,1700-1710,1740-1750,0.589605,0.410395,88,374,,0.020198,0.979802,,
paiement,1710-1720,1730-1740,0.589395,0.410605,177,96,,0.030349,0.969651,,
contravention,1710-1720,1730-1740,0.589385,0.410615,473,362,,,,,
souhaité,1710-1720,1770-1780,0.588941,0.411059,119,238,,,,,
déplaisir,1720-1730,1730-1740,0.588597,0.411403,58,106,,,,,
pilotes,1700-1710,1740-1750,0.588568,0.411432,76,483,,0.013779,0.986221,,
touchent,1770-1780,1789-1802,0.587944,0.412056,719,444,,0.017022,0.982978,,
conviendra,1710-1720,1730-1740,0.586925,0.413075,151,162,,,,,
qu'ayant,1700-1710,1720-1730,0.586913,0.413087,299,473,,,,,
s'étendre,1750-1760,1789-1802,0.586912,0.413088,445,755,,,,,
revenue,1720-1730,1760-1770,0.586863,0.413137,67,235,,0.018568,0.981432,,
fondent,1750-1760,1780-1789,0.586832,0.413168,233,477,,0.013563,0.986437,,
approché,1710-1720,1789-1802,0.586809,0.413191,70,272,,0.014653,0.985347,,
poulets,1720-1730,1750-1760,0.586508,0.413492,58,974,,,,,
persuada,1700-1710,1740-1750,0.586246,0.413754,83,185,,0.032708,0.967292,,
c'ct,1730-1740,1750-1760,0.586074,0.413926,53,89,,,,,
imité,1720-1730,1740-1750,0.585952,0.414048,106,137,,0.018044,0.981956,,
arriverent,1710-1720,1789-1802,0.585721,0.414279,68,132,,0.03342,0.96658,,
iceux,1770-1780,1789-1802,0.585507,0.414493,196,94,,,,,
contentez,1700-1710,1720-1730,0.585388,0.414612,70,69,,,,,
lentulus,1710-1720,1760-1770,0.584744,0.415256,58,78,,,,,
amena,1710-1720,1789-1802,0.58448,0.41552,83,305,,0.021439,0.978561,,
proserpine,1700-1710,1789-1802,0.584061,0.415939,55,156,,0.013012,0.986988,,
tinrent,1740-1750,1770-1780,0.583565,0.416435,223,243,,0.02245,0.97755,,
garda,1740-1750,1770-1780,0.582927,0.417073,235,440,,,,,
icelles,1750-1760,1789-1802,0.581549,0.418451,420,123,,,,,
datte,1770-1780,1789-1802,0.581518,0.418482,131,91,,,,,
n'entend,1740-1750,1760-1770,0.580599,0.419401,215,430,,,,,
habillé,1710-1720,1760-1770,0.580443,0.419557,80,155,,,,,
patriarches,1710-1720,1730-1740,0.580347,0.419653,68,78,,,,,
usent,1710-1720,1750-1760,0.580101,0.419899,176,168,,0.02166,0.97834,,
feraient,1730-1740,1740-1750,0.579767,0.420233,73,56,,0.018214,0.981786,,
quoiqu'on,1700-1710,1780-1789,0.57966,0.42034,88,961,,,,,
marchas,1710-1720,1789-1802,0.578984,0.421016,399,500,,,,,
dises,1760-1770,1780-1789,0.578768,0.421232,755,609,,,,,
renonciation,1720-1730,1750-1760,0.578174,0.421826,68,122,,,,,
serve,1730-1740,1740-1750,0.57814,0.42186,167,203,,,,,
faurois,1700-1710,1710-1720,0.578049,0.421951,59,168,,0.036495,0.963505,,
j'avoue,1720-1730,1780-1789,0.577572,0.422428,341,1233,,,,,
surprenant,1710-1720,1750-1760,0.577087,0.422913,249,554,,0.018801,0.981199,,
fortent,1720-1730,1740-1750,0.576771,0.423229,112,119,,0.016595,0.983405,,
these,1750-1760,1770-1780,0.576684,0.423316,220,569,,,,,
courent,1770-1780,1780-1789,0.57623,0.42377,779,789,,0.009302,0.990698,,
datée,1730-1740,1780-1789,0.576177,0.423823,62,671,,0.026652,0.973348,,
anneaux,1710-1720,1720-1730,0.575953,0.424047,93,96,,0.010098,0.989902,,
cession,1720-1730,1780-1789,0.575654,0.424346,136,493,,0.014137,0.985863,,
cocher,1710-1720,1720-1730,0.575417,0.424583,111,83,,0.009492,0.990508,,
déchargé,1760-1770,1770-1780,0.575235,0.424765,307,218,,,,,
saurois,1720-1730,1730-1740,0.574843,0.425157,82,74,,,,,
gracieux,1740-1750,1780-1789,0.574673,0.425327,324,564,,,,,
découvrit,1710-1720,1720-1730,0.57467,0.42533,113,135,,0.008163,0.991837,,
portait,1740-1750,1750-1760,0.574618,0.425382,77,168,,,,,
l'arrivée,1730-1740,1740-1750,0.574337,0.425663,785,1276,,,,,
xxxvi,1730-1740,1740-1750,0.574212,0.425788,264,169,,0.016577,0.983423,,
j'appris,1700-1710,1720-1730,0.574029,0.425971,62,104,,,,,
epoux,1750-1760,1789-1802,0.573196,0.426804,555,222,,,,,
sacrifié,1720-1730,1789-1802,0.573,0.427,80,744,,0.012549,0.987451,,
falloir,1700-1710,1710-1720,0.572618,0.427382,104,71,,0.018637,0.981363,,
caracteres,1710-1720,1730-1740,0.572113,0.427887,285,398,,,,,
estiment,1700-1710,1760-1770,0.571781,0.428219,51,116,,0.013275,0.986725,,
raconté,1710-1720,1789-1802,0.571762,0.428238,155,278,,,,,
considere,1710-1720,1760-1770,0.571678,0.428322,204,597,,,,,
instamment,1700-1710,1740-1750,0.571623,0.428377,56,92,,,,,
revendre,1720-1730,1730-1740,0.571583,0.428417,71,52,,0.013093,0.986907,,
molle,1710-1720,1730-1740,0.571459,0.428541,152,152,,0.026872,0.973128,,
dimanches,1730-1740,1750-1760,0.571136,0.428864,96,182,,,,,
c'étoit,1700-1710,1710-1720,0.571099,0.428901,2137,2536,,,,,
j'eus,1710-1720,1740-1750,0.570862,0.429138,475,1023,,,,,
fusse,1710-1720,1760-1770,0.570679,0.429321,132,124,,,,,
tenait,1740-1750,1750-1760,0.570461,0.429539,66,134,,,,,
d'oiseaux,1710-1720,1760-1770,0.570369,0.429631,97,96,,,,,
tâchez,1700-1710,1750-1760,0.570199,0.429801,84,118,,,,,
apporta,1730-1740,1740-1750,0.570168,0.429832,173,412,,,,,
marquoit,1710-1720,1720-1730,0.57013,0.42987,74,115,,,,,
acheva,1730-1740,1780-1789,0.569796,0.430204,319,424,,,,,
formalités,1720-1730,1740-1750,0.569519,0.430481,70,483,,0.011193,0.988807,,
l'obliger,1700-1710,1750-1760,0.569469,0.430531,135,264,,,,,
présentant,1700-1710,1720-1730,0.569299,0.430701,61,63,,0.012887,0.987113,,
ordonnoit,1700-1710,1780-1789,0.569055,0.430945,69,431,,0.045021,0.954979,,
pourpre,1720-1730,1730-1740,0.56905,0.43095,333,569,,0.027894,0.972106,,
suiffé,1710-1720,1740-1750,0.568994,0.431006,74,52,,,,,
s'étonner,1740-1750,1750-1760,0.568892,0.431108,162,266,,,,,
procédures,1710-1720,1730-1740,0.568778,0.431222,64,93,,,,,
demeuroit,1740-1750,1760-1770,0.568771,0.431229,269,235,,,,,
c'efr,1710-1720,1720-1730,0.5686,0.4314,62,81,,,,,
muses,1730-1740,1760-1770,0.568344,0.431656,119,178,,0.010444,0.989556,,
expliquée,1720-1730,1789-1802,0.568149,0.431851,80,175,,,,,
envoyoit,1700-1710,1720-1730,0.568149,0.431851,82,104,,0.025779,0.974221,,
cordon,1760-1770,1789-1802,0.567987,0.432013,633,542,,0.024361,0.975639,,
difficult,1780-1789,1789-1802,0.567983,0.432017,214,59,,,,,
pratiquent,1700-1710,1780-1789,0.567779,0.432221,76,228,,0.019981,0.980019,,
s'embarquer,1710-1720,1750-1760,0.567704,0.432296,64,89,,,,,
gand,1710-1720,1740-1750,0.567451,0.432549,67,259,,0.017476,0.982524,,
détruisent,1730-1740,1770-1780,0.567431,0.432569,97,571,,0.023858,0.976142,,
démontré,1700-1710,1710-1720,0.567423,0.432577,108,176,,0.022518,0.977482,,
desiroit,1700-1710,1710-1720,0.567175,0.432825,56,54,,0.024209,0.975791,,
vêtu,1720-1730,1780-1789,0.567152,0.432848,89,548,,,,,
iront,1700-1710,1710-1720,0.567144,0.432856,93,148,,0.009432,0.990568,,
décharger,1720-1730,1730-1740,0.566964,0.433036,227,351,,,,,
arriveroit,1700-1710,1789-1802,0.566848,0.433152,83,243,,0.035378,0.964622,,
croupe,1740-1750,1750-1760,0.565969,0.434031,118,76,,,,,
vilain,1700-1710,1740-1750,0.565933,0.434067,162,189,,,,,
chantant,1700-1710,1730-1740,0.565679,0.434321,60,148,,0.010872,0.989128,,
bouclier,1710-1720,1750-1760,0.565571,0.434429,418,332,,0.008605,0.991395,,
recevez,1720-1730,1789-1802,0.56527,0.43473,103,408,,0.01054,0.98946,,
vierges,1730-1740,1740-1750,0.565171,0.434829,114,129,,,,,
l'éloge,1700-1710,1720-1730,0.564688,0.435312,94,151,,,,,
liront,1740-1750,1780-1789,0.56428,0.43572,71,273,,,,,
menton,1700-1710,1760-1770,0.564199,0.435801,50,315,,0.021218,0.978782,,
démontrer,1710-1720,1720-1730,0.564041,0.435959,145,171,,0.013266,0.986734,,
nihil,1700-1710,1710-1720,0.563782,0.436218,1514,702,,,,,
conseille,1760-1770,1789-1802,0.563456,0.436544,587,503,,,,,
descendent,1700-1710,1750-1760,0.562974,0.437026,64,190,,0.023118,0.976882,,
fuient,1730-1740,1740-1750,0.562974,0.437026,108,229,,0.024004,0.975996,,
cousine,1720-1730,1730-1740,0.562941,0.437059,72,150,,0.015902,0.984098,,
pallas,1700-1710,1730-1740,0.562891,0.437109,58,267,,0.010332,0.989668,,
d'icelles,1710-1720,1760-1770,0.562525,0.437475,1061,546,,,,,
cria,1700-1710,1730-1740,0.56229,0.43771,123,147,,,,,
étudié,1700-1710,1780-1789,0.562218,0.437782,107,614,,,,,
gardent,1710-1720,1780-1789,0.56143,0.43857,237,511,,0.015385,0.984615,,
logé,1700-1710,1770-1780,0.561331,0.438669,61,292,,0.008326,0.991674,,
genes,1730-1740,1789-1802,0.561121,0.438879,452,107,,,,,
s'imagine,1710-1720,1740-1750,0.560995,0.439005,147,238,,,,,
l'ont,1700-1710,1730-1740,0.560968,0.439032,934,1770,,,,,
diront,1740-1750,1750-1760,0.560674,0.439326,245,236,,0.013296,0.986704,,
pendre,1700-1710,1740-1750,0.560079,0.439921,140,364,,,,,
savois,1710-1720,1720-1730,0.559785,0.440215,98,136,,0.030965,0.969035,,
fideles,1710-1720,1730-1740,0.55974,0.44026,348,457,,,,,
rentré,1720-1730,1760-1770,0.559431,0.440569,72,204,,0.02143,0.97857,,
mercredi,1770-1780,1780-1789,0.558852,0.441148,1509,1349,,0.014141,0.985859,,
l'estomac,1710-1720,1750-1760,0.558357,0.441643,141,311,,,,,
volé,1710-1720,1789-1802,0.55829,0.44171,187,558,,,,,
reglemens,1770-1780,1789-1802,0.558236,0.441764,260,109,,,,,
alléguer,1740-1750,1750-1760,0.557594,0.442406,180,226,,0.018224,0.981776,,
cautions,1730-1740,1780-1789,0.557588,0.442412,281,301,,,,,
retournant,1700-1710,1770-1780,0.557532,0.442468,88,316,,0.02077,0.97923,,
espéces,1710-1720,1789-1802,0.557527,0.442473,50,102,,,,,
oncles,1720-1730,1789-1802,0.55737,0.44263,104,169,,,,,
souhaite,1700-1710,1789-1802,0.557294,0.442706,518,523,,,,,
remplissent,1710-1720,1789-1802,0.556772,0.443228,127,573,,0.018543,0.981457,,
semblait,1700-1710,1740-1750,0.556761,0.443239,76,93,,0.022202,0.977798,,
entroit,1700-1710,1750-1760,0.556752,0.443248,77,255,,0.021188,0.978812,,
poura,1750-1760,1789-1802,0.556491,0.443509,62,102,,,,,
reçurent,1700-1710,1710-1720,0.556159,0.443841,56,54,,0.017708,0.982292,,
embrassé,1700-1710,1710-1720,0.556124,0.443876,58,71,,0.009436,0.990564,,
répandit,1750-1760,1780-1789,0.556052,0.443948,271,621,,0.02027,0.97973,,
meres,1730-1740,1760-1770,0.555955,0.444045,285,717,,,,,
piquent,1710-1720,1789-1802,0.555792,0.444208,69,88,,,,,
prenons,1760-1770,1789-1802,0.555295,0.444705,508,552,,,,,
prononça,1700-1710,1710-1720,0.555173,0.444827,97,83,,0.008704,0.991296,,
offensé,1710-1720,1720-1730,0.555074,0.444926,134,83,,0.031733,0.968267,,
exquis,1770-1780,1789-1802,0.554972,0.445028,546,293,,,,,
conseillé,1720-1730,1780-1789,0.554949,0.445051,92,582,,0.014446,0.985554,,
connut,1770-1780,1789-1802,0.553444,0.446556,591,469,,,,,
marqua,1710-1720,1789-1802,0.553191,0.446809,56,156,,,,,
confreres,1720-1730,1750-1760,0.552911,0.447089,287,179,,0.043943,0.956057,,
demeurent,1710-1720,1789-1802,0.552854,0.447146,507,573,,,,,
tireur,1780-1789,1789-1802,0.552646,0.447354,181,102,,,,,
plût,1750-1760,1780-1789,0.551844,0.448156,367,576,,,,,
désire,1710-1720,1750-1760,0.551663,0.448337,86,388,,0.013751,0.986249,,
economic,1780-1789,1789-1802,0.551645,0.448355,784,2046,,0.075519,0.924481,,
statuts,1710-1720,1760-1770,0.551518,0.448482,1245,1305,,,,,
avoic,1710-1720,1770-1780,0.551202,0.448798,74,334,,,,,
successions,1720-1730,1789-1802,0.550755,0.449245,64,452,,,,,
pâques,1770-1780,1789-1802,0.550743,0.449257,344,247,,,,,
féjour,1710-1720,1740-1750,0.550692,0.449308,84,438,,0.02243,0.97757,,
l'océan,1700-1710,1770-1780,0.550635,0.449365,52,1341,,,,,
rubis,1710-1720,1770-1780,0.550589,0.449411,65,533,,,,,
difference,1760-1770,1789-1802,0.550114,0.449886,88,94,,,,,
accroire,1750-1760,1760-1770,0.550106,0.449894,168,170,,,,,
croye,1710-1720,1740-1750,0.550031,0.449969,82,138,,,,,
craignons,1700-1710,1780-1789,0.549893,0.450107,71,355,,0.037962,0.962038,,
vendue,1730-1740,1740-1750,0.54947,0.45053,130,183,,,,,
chargent,1730-1740,1750-1760,0.549318,0.450682,107,279,,0.019361,0.980639,,
sassent,1730-1740,1789-1802,0.549109,0.450891,124,270,,0.031226,0.968774,,
m'est,1780-1789,1789-1802,0.54899,0.45101,2373,2123,,,,,
passait,1730-1740,1750-1760,0.548665,0.451335,86,124,,,,,
permettant,1700-1710,1710-1720,0.548526,0.451474,58,98,,0.017977,0.982023,,
entendons,1710-1720,1780-1789,0.548441,0.451559,141,273,,,,,
priant,1710-1720,1730-1740,0.54839,0.45161,154,260,,0.025217,0.974783,,
recommandé,1720-1730,1789-1802,0.547722,0.452278,103,457,,0.01496,0.98504,,
tâché,1740-1750,1770-1780,0.547493,0.452507,226,615,,,,,
difons,1710-1720,1760-1770,0.547431,0.452569,118,156,,,,,
procura,1700-1710,1740-1750,0.547367,0.452633,61,197,,0.014244,0.985756,,
étonnée,1700-1710,1710-1720,0.54679,0.45321,71,58,,,,,
personnelles,1720-1730,1770-1780,0.546744,0.453256,80,563,,0.017426,0.982574,,
clodius,1710-1720,1760-1770,0.546667,0.453333,59,58,,,,,
porterent,1710-1720,1780-1789,0.546293,0.453707,138,434,,0.024375,0.975625,,
prophetes,1740-1750,1760-1770,0.54626,0.45374,93,69,,,,,
tâcha,1720-1730,1730-1740,0.54575,0.45425,63,154,,,,,
contenterai,1700-1710,1750-1760,0.545133,0.454867,80,208,,,,,
feras,1700-1710,1730-1740,0.54494,0.45506,159,261,,,,,
d'impatience,1710-1720,1720-1730,0.54458,0.45542,87,51,,,,,
travailloient,1710-1720,1760-1770,0.544327,0.455673,50,150,,,,,
curieuse,1730-1740,1750-1760,0.544205,0.455795,115,182,,,,,
l'humidité,1710-1720,1730-1740,0.543459,0.456541,75,240,,,,,
prendroit,1700-1710,1710-1720,0.542763,0.457237,112,170,,0.016012,0.983988,,
pontifes,1700-1710,1720-1730,0.542359,0.457641,63,99,,0.070389,0.929611,,
viendroit,1710-1720,1720-1730,0.542285,0.457715,154,228,,,,,
archers,1750-1760,1789-1802,0.541833,0.458167,180,226,,0.019803,0.980197,,
enchanté,1700-1710,1710-1720,0.541607,0.458393,115,77,,0.025458,0.974542,,
mettons,1720-1730,1780-1789,0.541344,0.458656,119,439,,,,,
satisfaite,1720-1730,1770-1780,0.541243,0.458757,61,402,,0.012165,0.987835,,
prédicateurs,1720-1730,1789-1802,0.540971,0.459029,86,150,,0.020303,0.979697,,
commençait,1740-1750,1780-1789,0.540272,0.459728,56,183,,,,,
joignit,1710-1720,1780-1789,0.540129,0.459871,154,735,,0.02855,0.97145,,
marcellus,1770-1780,1789-1802,0.540074,0.459926,897,101,,,,,
accourut,1710-1720,1720-1730,0.538576,0.461424,79,60,,,,,
porc,1700-1710,1750-1760,0.538446,0.461554,141,342,,0.017118,0.982882,,
devra,1700-1710,1740-1750,0.538406,0.461594,81,165,,0.017509,0.982491,,
l'orage,1710-1720,1770-1780,0.538365,0.461635,160,594,,,,,
plaisoit,1700-1710,1760-1770,0.537667,0.462333,157,313,,,,,
blanchir,1720-1730,1789-1802,0.537203,0.462797,86,160,,,,,
recevoit,1700-1710,1720-1730,0.537169,0.462831,129,171,,0.018098,0.981902,,
epouse,1710-1720,1760-1770,0.536925,0.463075,167,109,,,,,
mené,1770-1780,1780-1789,0.536011,0.463989,376,770,,,,,
c'clt,1730-1740,1740-1750,0.535824,0.464176,131,154,,,,,
sasse,1710-1720,1750-1760,0.535749,0.464251,227,701,,0.020244,0.979756,,
porteront,1700-1710,1740-1750,0.535316,0.464684,90,117,,0.018592,0.981408,,
destins,1770-1780,1780-1789,0.534947,0.465053,459,577,,0.010545,0.989455,,
cuisse,1700-1710,1750-1760,0.534773,0.465227,52,90,,0.039503,0.960497,,
courts,1720-1730,1730-1740,0.534724,0.465276,204,166,,,,,
d'amitié,1740-1750,1789-1802,0.534421,0.465579,659,782,,,,,
d'épouser,1740-1750,1760-1770,0.534414,0.465586,94,151,,,,,
renoncé,1700-1710,1710-1720,0.534107,0.465893,188,119,,,,,
savons,1770-1780,1789-1802,0.534009,0.465991,651,1058,,,,,
quittent,1710-1720,1730-1740,0.533885,0.466115,129,121,,0.012467,0.987533,,
n'osa,1720-1730,1770-1780,0.533684,0.466316,66,174,,,,,
cabaret,1720-1730,1750-1760,0.532987,0.467013,126,147,,,,,
s'appelloit,1730-1740,1740-1750,0.532588,0.467412,310,203,,,,,
coulent,1750-1760,1760-1770,0.531108,0.468892,183,356,,0.015766,0.984234,,
s'attendre,1710-1720,1780-1789,0.531086,0.468914,102,699,,,,,
effrayé,1700-1710,1750-1760,0.530833,0.469167,98,260,,0.0084,0.9916,,
scélérat,1700-1710,1740-1750,0.530832,0.469168,61,178,,0.026114,0.973886,,
suffira,1700-1710,1720-1730,0.530479,0.469521,96,115,,0.018326,0.981674,,
vivons,1760-1770,1780-1789,0.530016,0.469984,324,404,,,,,
enfermé,1710-1720,1720-1730,0.529737,0.470263,178,201,,,,,
docteurs,1740-1750,1789-1802,0.529735,0.470265,243,399,,,,,
gagna,1730-1740,1740-1750,0.529729,0.470271,330,284,,0.014676,0.985324,,
poflible,1710-1720,1720-1730,0.529669,0.470331,78,82,,0.020777,0.979223,,
egard,1710-1720,1720-1730,0.529637,0.470363,147,99,,,,,
monumens,1740-1750,1789-1802,0.528271,0.471729,459,1225,,0.03123,0.96877,,
verras,1720-1730,1750-1760,0.528153,0.471847,65,129,,,,,
compagnes,1720-1730,1740-1750,0.527294,0.472706,103,162,,,,,
cherchons,1700-1710,1780-1789,0.526959,0.473041,113,598,,,,,
enfermée,1740-1750,1750-1760,0.526458,0.473542,97,102,,,,,
d'adresse,1700-1710,1720-1730,0.526355,0.473645,100,103,,,,,
envoyées,1710-1720,1770-1780,0.526265,0.473735,121,465,,0.022638,0.977362,,
d'aucun,1740-1750,1750-1760,0.526021,0.473979,727,780,,,,,
pensoit,1700-1710,1710-1720,0.52585,0.47415,173,110,,0.018732,0.981268,,
merveilleuse,1730-1740,1740-1750,0.525785,0.474215,110,174,,,,,
commentateurs,1700-1710,1789-1802,0.525712,0.474288,228,135,,,,,
affliction,1710-1720,1720-1730,0.525183,0.474817,68,53,,,,,
fignifier,1730-1740,1789-1802,0.524503,0.475497,213,92,,,,,
huissiers,1730-1740,1789-1802,0.523385,0.476615,291,319,,,,,
laver,1710-1720,1750-1760,0.523249,0.476751,271,342,,,,,
princesses,1700-1710,1730-1740,0.522453,0.477547,184,128,,,,,
intestins,1710-1720,1730-1740,0.52193,0.47807,50,59,,,,,
inconvenient,1760-1770,1780-1789,0.521784,0.478216,66,196,,,,,
proposent,1700-1710,1740-1750,0.521754,0.478246,69,141,,0.016273,0.983727,,
craignit,1710-1720,1720-1730,0.521697,0.478303,83,98,,0.027669,0.972331,,
s'arrêta,1710-1720,1730-1740,0.521654,0.478346,60,205,,,,,
enfoncé,1710-1720,1720-1730,0.521652,0.478348,60,74,,,,,
procuré,1700-1710,1720-1730,0.521608,0.478392,67,124,,0.01176,0.98824,,
edits,1710-1720,1789-1802,0.520289,0.479711,1292,347,,,,,
suffisoit,1700-1710,1750-1760,0.520253,0.479747,83,339,,0.025926,0.974074,,
l'ennemi,1720-1730,1789-1802,0.520082,0.479918,1819,4784,,,,,
affligé,1720-1730,1730-1740,0.51942,0.48058,127,289,,,,,
rendait,1720-1730,1740-1750,0.519236,0.480764,65,52,,0.024328,0.975672,,
l'obligea,1700-1710,1710-1720,0.519209,0.480791,93,83,,,,,
emportement,1720-1730,1760-1770,0.519133,0.480867,68,198,,,,,
catilina,1730-1740,1740-1750,0.519009,0.480991,424,1067,,,,,
entrerent,1710-1720,1789-1802,0.518974,0.481026,51,96,,,,,
remercie,1700-1710,1770-1780,0.5188,0.4812,103,370,,,,,
trouvât,1730-1740,1760-1770,0.518625,0.481375,217,301,,0.058878,0.941122,,
jugeons,1710-1720,1750-1760,0.518556,0.481444,50,196,,,,,
reines,1730-1740,1780-1789,0.518407,0.481593,186,272,,,,,
commencèrent,1720-1730,1740-1750,0.518228,0.481772,68,116,,0.017929,0.982071,,
achetée,1730-1740,1750-1760,0.517796,0.482204,66,146,,0.009538,0.990462,,
peintres,1760-1770,1770-1780,0.517766,0.482234,966,1234,,,,,
témoigna,1720-1730,1740-1750,0.517614,0.482386,151,424,,,,,
lignifie,1700-1710,1789-1802,0.517609,0.482391,109,78,,,,,
retourné,1740-1750,1760-1770,0.51755,0.48245,236,197,,,,,
tiendroit,1700-1710,1720-1730,0.517412,0.482588,51,105,,0.010523,0.989477,,
couroit,1700-1710,1750-1760,0.516907,0.483093,106,175,,0.026811,0.973189,,
profitent,1710-1720,1730-1740,0.516842,0.483158,88,79,,,,,
descendu,1700-1710,1730-1740,0.516826,0.483174,128,214,,,,,
négoce,1710-1720,1789-1802,0.516454,0.483546,266,284,,0.014482,0.985518,,
suivirent,1700-1710,1770-1780,0.516244,0.483756,82,437,,0.031339,0.968661,,
l'ancre,1760-1770,1780-1789,0.515652,0.484348,641,522,,,,,
demeuré,1730-1740,1750-1760,0.515377,0.484623,480,436,,,,,
songea,1720-1730,1750-1760,0.51534,0.48466,162,219,,,,,
d'avril,1770-1780,1789-1802,0.514432,0.485568,1231,914,,,,,
colere,1710-1720,1760-1770,0.51435,0.48565,909,1168,,,,,
remercia,1700-1710,1750-1760,0.513105,0.486895,101,118,,,,,
n'ignoroit,1700-1710,1710-1720,0.512874,0.487126,50,50,,,,,
viendront,1720-1730,1740-1750,0.512194,0.487806,214,273,,,,,
lieutenants,1730-1740,1740-1750,0.511528,0.488472,128,50,,,,,
d'iceux,1710-1720,1789-1802,0.511461,0.488539,845,154,,,,,
mouchoir,1700-1710,1730-1740,0.510436,0.489564,63,60,,,,,
persuadée,1720-1730,1740-1750,0.510316,0.489684,66,318,,,,,
ecriture,1730-1740,1789-1802,0.509765,0.490235,134,122,,,,,
surprenante,1700-1710,1750-1760,0.509719,0.490281,102,177,,,,,
c'efl,1710-1720,1760-1770,0.50927,0.49073,223,1088,,,,,
pressa,1770-1780,1789-1802,0.508765,0.491235,206,404,,,,,
aisée,1720-1730,1789-1802,0.507998,0.492002,287,430,,0.01708,0.98292,,
plaisent,1700-1710,1740-1750,0.507903,0.492097,135,219,,,,,
sortirent,1750-1760,1770-1780,0.507148,0.492852,149,264,,,,,
tuteurs,1720-1730,1750-1760,0.507015,0.492985,90,354,,,,,
l'envoya,1700-1710,1730-1740,0.507005,0.492995,70,87,,,,,
cherchoient,1700-1710,1740-1750,0.506494,0.493506,71,264,,0.041138,0.958862,,
s'imaginer,1710-1720,1789-1802,0.506033,0.493967,203,179,,,,,
ferais,1710-1720,1740-1750,0.505638,0.494362,116,50,,0.034404,0.965596,,
façons,1780-1789,1789-1802,0.505485,0.494515,400,319,,,,,
conduisoit,1700-1710,1720-1730,0.505088,0.494912,94,174,,0.025455,0.974545,,
chemise,1710-1720,1770-1780,0.505061,0.494939,110,365,,,,,
pcut,1730-1740,1740-1750,0.504373,0.495627,121,188,,,,,
sucs,1740-1750,1789-1802,0.504043,0.495957,538,323,,0.028778,0.971222,,
doutoit,1710-1720,1720-1730,0.50399,0.49601,60,88,,,,,
sentons,1780-1789,1789-1802,0.502341,0.497659,243,224,,,,,
flottes,1700-1710,1760-1770,0.502072,0.497928,89,507,,0.029237,0.970763,,
appella,1710-1720,1740-1750,0.501959,0.498041,102,242,,,,,
martyrs,1720-1730,1789-1802,0.501069,0.498931,176,506,,,,,
s'accordent,1710-1720,1730-1740,0.50097,0.49903,148,186,,,,,
manquera,1710-1720,1760-1770,0.500528,0.499472,190,377,,,,,
cherchez,1720-1730,1789-1802,0.500024,0.499976,131,508,,,,,
employent,1700-1710,1710-1720,0.49993,0.50007,54,195,,0.016478,0.983522,,
j'aye,1710-1720,1770-1780,0.499879,0.500121,132,182,,,,,
fumée,1740-1750,1780-1789,0.499717,0.500283,599,1622,,,,,
demoiselles,1720-1730,1740-1750,0.498961,0.501039,50,160,,0.020989,0.979011,,
perdirent,1730-1740,1760-1770,0.498952,0.501048,372,229,,,,,
connaît,1750-1760,1789-1802,0.49871,0.50129,293,1045,,0.010043,0.989957,,
croyais,1700-1710,1760-1770,0.498515,0.501485,64,169,,0.03196,0.96804,,
indigné,1740-1750,1750-1760,0.498327,0.501673,119,223,,,,,
qu'aucune,1740-1750,1770-1780,0.497887,0.502113,328,944,,,,,
aima,1750-1760,1760-1770,0.497582,0.502418,337,280,,,,,
n'as,1700-1710,1710-1720,0.497512,0.502488,155,374,,,,,
rencontra,1740-1750,1750-1760,0.497467,0.502533,477,188,,,,,
tuent,1750-1760,1789-1802,0.496887,0.503113,135,225,,0.015051,0.984949,,
mena,1730-1740,1789-1802,0.496867,0.503133,522,506,,,,,
n'osait,1710-1720,1780-1789,0.496793,0.503207,141,369,,,,,
excellentes,1720-1730,1740-1750,0.496744,0.503256,137,174,,,,,
passerent,1750-1760,1760-1770,0.496543,0.503457,171,188,,0.014171,0.985829,,
ayant,1710-1720,1720-1730,0.496503,0.503497,6698,8639,,0.01501,0.98499,,
incident,1700-1710,1760-1770,0.496183,0.503817,74,173,,,,,
d'angleterre,1720-1730,1740-1750,0.495974,0.504026,1610,3670,,,,,
supplier,1710-1720,1789-1802,0.495817,0.504183,140,371,,0.032979,0.967021,,
diametre,1770-1780,1789-1802,0.494797,0.505203,2202,89,,0.061761,0.938239,,
cadette,1720-1730,1740-1750,0.494454,0.505546,66,81,,,,,
sixieme,1720-1730,1770-1780,0.494352,0.505648,102,1007,,0.05064,0.94936,,
osez,1710-1720,1789-1802,0.493928,0.506072,92,374,,0.025674,0.974326,,
supplie,1710-1720,1720-1730,0.493403,0.506597,177,150,,,,,
demeura,1730-1740,1789-1802,0.49329,0.50671,755,376,,,,,
quarre,1770-1780,1789-1802,0.493099,0.506901,432,309,,0.024797,0.975203,,
parlait,1720-1730,1730-1740,0.492796,0.507204,92,201,,,,,
irons,1710-1720,1789-1802,0.492589,0.507411,55,288,,,,,
lèvres,1720-1730,1730-1740,0.491986,0.508014,53,71,,0.027285,0.972715,,
commencerent,1710-1720,1789-1802,0.491114,0.508886,133,168,,0.02024,0.97976,,
détermina,1710-1720,1750-1760,0.49099,0.50901,93,336,,0.023876,0.976124,,
traitent,1720-1730,1750-1760,0.490717,0.509283,187,389,,0.012088,0.987912,,
repartit,1720-1730,1789-1802,0.490674,0.509326,97,236,,,,,
boisson,1700-1710,1770-1780,0.490567,0.509433,79,457,,,,,
manqueront,1720-1730,1730-1740,0.490246,0.509754,70,66,,,,,
search,1770-1780,1789-1802,0.489587,0.510413,436,76,,,,,
j'allois,1700-1710,1710-1720,0.489499,0.510501,73,69,,,,,
tarda,1750-1760,1789-1802,0.489439,0.510561,287,666,,0.034619,0.965381,,
vécut,1720-1730,1780-1789,0.489284,0.510716,140,674,,,,,
m'auroit,1700-1710,1710-1720,0.489236,0.510764,53,68,,,,,
meurent,1770-1780,1780-1789,0.489186,0.510814,700,600,,,,,
demandée,1740-1750,1760-1770,0.489023,0.510977,179,313,,,,,
decembre,1720-1730,1789-1802,0.488884,0.511116,1024,398,,,,,
t'es,1740-1750,1789-1802,0.488605,0.511395,100,226,,,,,
retirent,1780-1789,1789-1802,0.488423,0.511577,808,524,,0.015365,0.984635,,
foyez,1710-1720,1720-1730,0.488095,0.511905,212,161,,,,,
commencée,1700-1710,1730-1740,0.487997,0.512003,75,179,,0.017074,0.982926,,
serviront,1700-1710,1730-1740,0.48775,0.51225,93,146,,0.018069,0.981931,,
saurais,1740-1750,1750-1760,0.487133,0.512867,62,79,,,,,
déclarons,1710-1720,1789-1802,0.48712,0.51288,272,160,,0.049492,0.950508,,
batimens,1720-1730,1750-1760,0.486899,0.513101,192,103,,0.035591,0.964409,,
épouvantable,1720-1730,1750-1760,0.486896,0.513104,93,110,,,,,
l'aura,1720-1730,1760-1770,0.486648,0.513352,105,235,,,,,
crût,1720-1730,1789-1802,0.486628,0.513372,91,184,,,,,
nest,1700-1710,1710-1720,0.48634,0.51366,147,54,,,,,
allèrent,1720-1730,1740-1750,0.486218,0.513782,140,101,,,,,
rapportées,1700-1710,1760-1770,0.4862,0.5138,73,473,,0.031898,0.968102,,
théologiens,1710-1720,1720-1730,0.486087,0.513913,196,172,,,,,
habillement,1730-1740,1760-1770,0.485233,0.514767,115,217,,,,,
doutant,1770-1780,1780-1789,0.485047,0.514953,204,289,,,,,
intendans,1740-1750,1789-1802,0.484766,0.515234,229,496,,0.015301,0.984699,,
idoles,1720-1730,1780-1789,0.484626,0.515374,301,247,,,,,
croie,1700-1710,1710-1720,0.48462,0.51538,51,60,,0.020471,0.979529,,
manda,1700-1710,1740-1750,0.484197,0.515803,145,519,,,,,
mères,1730-1740,1740-1750,0.484092,0.515908,135,99,,0.012394,0.987606,,
environnée,1770-1780,1789-1802,0.483466,0.516534,372,346,,0.018371,0.981629,,
perfections,1720-1730,1789-1802,0.483002,0.516998,98,232,,,,,
ayeul,1760-1770,1770-1780,0.482555,0.517445,144,330,,,,,
pouroit,1770-1780,1789-1802,0.482179,0.517821,186,127,,,,,
fâchée,1700-1710,1720-1730,0.481756,0.518244,66,71,,0.032717,0.967283,,
assise,1720-1730,1770-1780,0.481344,0.518656,86,268,,0.018536,0.981464,,
d'envoyer,1700-1710,1710-1720,0.48086,0.51914,257,356,,,,,
n'osent,1720-1730,1770-1780,0.480007,0.519993,55,252,,,,,
laisseroit,1710-1720,1730-1740,0.479773,0.520227,74,166,,0.034599,0.965401,,
l'armée,1710-1720,1740-1750,0.479702,0.520298,1172,2290,,,,,
semblé,1740-1750,1770-1780,0.478979,0.521021,170,311,,0.01611,0.98389,,
laissée,1710-1720,1720-1730,0.478751,0.521249,130,78,,0.009861,0.990139,,
achetées,1710-1720,1730-1740,0.478467,0.521533,98,127,,,,,
laissai,1700-1710,1760-1770,0.478408,0.521592,69,143,,0.039448,0.960552,,
vulcain,1710-1720,1770-1780,0.478114,0.521886,312,392,,,,,
m'ont,1710-1720,1720-1730,0.477705,0.522295,596,682,,,,,
sçauroit,1710-1720,1789-1802,0.477539,0.522461,730,80,,,,,
douta,1700-1710,1710-1720,0.477212,0.522788,152,110,,,,,
n'être,1740-1750,1780-1789,0.47679,0.52321,1023,2705,,,,,
retint,1700-1710,1730-1740,0.476622,0.523378,100,252,,0.017214,0.982786,,
mandé,1700-1710,1710-1720,0.476262,0.523738,383,209,,,,,
contentent,1750-1760,1760-1770,0.475797,0.524203,204,305,,,,,
affis,1740-1750,1760-1770,0.475657,0.524343,151,272,,,,,
d'icelle,1720-1730,1789-1802,0.47538,0.52462,1375,176,,,,,
voyait,1740-1750,1750-1760,0.47521,0.52479,108,205,,,,,
l'arbre,1700-1710,1789-1802,0.475065,0.524935,612,1647,,,,,
j'aie,1710-1720,1720-1730,0.474679,0.525321,150,148,,,,,
paroissoient,1700-1710,1710-1720,0.474648,0.525352,139,112,,0.027771,0.972229,,
effroyable,1700-1710,1710-1720,0.474162,0.525838,92,88,,,,,
partirent,1700-1710,1710-1720,0.474065,0.525935,62,54,,0.021707,0.978293,,
descendit,1720-1730,1770-1780,0.473244,0.526756,107,317,,,,,
cerf,1710-1720,1720-1730,0.473008,0.526992,595,191,,,,,
rendis,1700-1710,1760-1770,0.472543,0.527457,74,208,,0.02428,0.97572,,
n'cst,1710-1720,1740-1750,0.472503,0.527497,54,401,,,,,
laissera,1720-1730,1760-1770,0.472077,0.527923,102,370,,,,,
manquoient,1710-1720,1760-1770,0.472009,0.527991,85,228,,0.024283,0.975717,,
conciles,1720-1730,1750-1760,0.471449,0.528551,306,436,,,,,
j'aimerois,1720-1730,1730-1740,0.470404,0.529596,59,125,,,,,
abfence,1740-1750,1789-1802,0.469934,0.530066,337,289,,,,,
ruisseaux,1760-1770,1780-1789,0.469607,0.530393,336,565,,0.027569,0.972431,,
prens,1720-1730,1789-1802,0.469528,0.530472,159,64,,,,,
l'ordonnance,1720-1730,1789-1802,0.469204,0.530796,755,1368,,,,,
aifé,1710-1720,1740-1750,0.469188,0.530812,147,559,,0.020849,0.979151,,
vînt,1710-1720,1750-1760,0.46836,0.53164,73,179,,0.045311,0.954689,,
chauffer,1740-1750,1750-1760,0.468191,0.531809,148,163,,,,,
chariots,1700-1710,1720-1730,0.466344,0.533656,108,322,,0.025292,0.974708,,
m'étant,1700-1710,1720-1730,0.465774,0.534226,104,79,,,,,
enim,1740-1750,1770-1780,0.46565,0.53435,2100,2700,,,,,
d'épaisseur,1750-1760,1770-1780,0.465183,0.534817,228,1061,,,,,
barque,1730-1740,1750-1760,0.464977,0.535023,318,241,,,,,
imaginez,1760-1770,1770-1780,0.464945,0.535055,226,270,,0.00777,0.99223,,
poussa,1710-1720,1789-1802,0.464884,0.535116,143,384,,,,,
d'icelui,1780-1789,1789-1802,0.464728,0.535272,286,107,,,,,
contrôleur,1700-1710,1789-1802,0.464705,0.535295,74,1258,,0.025279,0.974721,,
xxviii,1730-1740,1770-1780,0.464702,0.535298,369,537,,0.021978,0.978022,,
demeureront,1740-1750,1770-1780,0.463262,0.536738,246,245,,,,,
fevrier,1750-1760,1789-1802,0.463,0.537,285,362,,,,,
l'eglise,1720-1730,1730-1740,0.462905,0.537095,3524,3539,,,,,
j'irai,1720-1730,1780-1789,0.462792,0.537208,82,573,,,,,
conservée,1700-1710,1720-1730,0.462617,0.537383,73,125,,0.025208,0.974792,,
n'ose,1740-1750,1780-1789,0.46172,0.53828,409,1277,,,,,
tuilée,1700-1710,1789-1802,0.461713,0.538287,76,288,,0.01465,0.98535,,
portons,1770-1780,1780-1789,0.461455,0.538545,246,297,,0.014851,0.985149,,
parloient,1700-1710,1720-1730,0.460991,0.539009,105,114,,0.032356,0.967644,,
donnai,1700-1710,1760-1770,0.460896,0.539104,89,269,,,,,
renvoya,1710-1720,1750-1760,0.459184,0.540816,128,210,,,,,
iont,1700-1710,1789-1802,0.457819,0.542181,265,533,,,,,
hyver,1700-1710,1710-1720,0.45762,0.54238,90,297,,0.012019,0.987981,,
causoit,1720-1730,1730-1740,0.457555,0.542445,57,137,,,,,
furent,1710-1720,1720-1730,0.456922,0.543078,5256,6091,,,,,
demandait,1730-1740,1740-1750,0.456551,0.543449,95,58,,,,,
fauteuil,1770-1780,1780-1789,0.45568,0.54432,374,631,,,,,
c'efi,1720-1730,1730-1740,0.45471,0.54529,323,498,,,,,
vaudroit,1720-1730,1760-1770,0.454619,0.545381,128,933,,,,,
empêchent,1700-1710,1750-1760,0.454498,0.545502,123,297,,,,,
prendrez,1760-1770,1789-1802,0.453928,0.546072,281,170,,,,,
l'ayant,1700-1710,1710-1720,0.4533,0.5467,372,389,,,,,
plairoit,1710-1720,1770-1780,0.452667,0.547333,152,187,,,,,
l'edit,1750-1760,1789-1802,0.4525,0.5475,861,459,,,,,
boivent,1710-1720,1760-1770,0.451774,0.548226,115,160,,0.021891,0.978109,,
puise,1730-1740,1750-1760,0.451641,0.548359,153,216,,,,,
faisois,1700-1710,1710-1720,0.451507,0.548493,155,156,,,,,
jesus,1700-1710,1740-1750,0.450981,0.549019,1154,497,,,,,
neveux,1760-1770,1789-1802,0.450709,0.549291,264,504,,0.018611,0.981389,,
faille,1700-1710,1710-1720,0.449188,0.550812,183,212,,,,,
couté,1710-1720,1720-1730,0.448595,0.551405,55,95,,0.023471,0.976529,,
n'ait,1720-1730,1760-1770,0.447911,0.552089,996,2782,,,,,
auxdites,1700-1710,1720-1730,0.447907,0.552093,70,121,,0.046852,0.953148,,
recevons,1720-1730,1789-1802,0.447251,0.552749,90,186,,,,,
foyons,1710-1720,1720-1730,0.447187,0.552813,95,109,,,,,
marcha,1710-1720,1789-1802,0.447094,0.552906,128,490,,,,,
retirerent,1710-1720,1789-1802,0.446927,0.553073,65,101,,0.027231,0.972769,,
convenoit,1700-1710,1710-1720,0.446204,0.553796,138,140,,0.030966,0.969034,,
contenta,1740-1750,1770-1780,0.446101,0.553899,441,654,,,,,
n'aye,1720-1730,1770-1780,0.445893,0.554107,54,102,,,,,
prétendoit,1700-1710,1740-1750,0.445859,0.554141,160,479,,,,,
barons,1730-1740,1750-1760,0.445806,0.554194,171,319,,0.017737,0.982263,,
amants,1700-1710,1780-1789,0.445078,0.554922,148,340,,,,,
j'ose,1700-1710,1760-1770,0.444981,0.555019,180,1077,,,,,
mettrez,1720-1730,1730-1740,0.444961,0.555039,100,156,,,,,
temns,1700-1710,1730-1740,0.444606,0.555394,99,138,,0.018047,0.981953,,
reviennent,1700-1710,1780-1789,0.4438,0.5562,148,837,,0.021967,0.978033,,
differentes,1710-1720,1740-1750,0.443651,0.556349,1237,594,,,,,
m'étois,1710-1720,1720-1730,0.44315,0.55685,72,149,,,,,
revinrent,1700-1710,1710-1720,0.443019,0.556981,53,86,,0.024718,0.975282,,
allerent,1710-1720,1789-1802,0.441528,0.558472,79,120,,,,,
camarade,1720-1730,1750-1760,0.440833,0.559167,96,125,,,,,
minerve,1700-1710,1760-1770,0.440488,0.559512,144,583,,,,,
prendrai,1700-1710,1740-1750,0.439798,0.560202,101,151,,0.018964,0.981036,,
ongles,1750-1760,1789-1802,0.439741,0.560259,249,185,,0.022796,0.977204,,
trouvait,1740-1750,1750-1760,0.439369,0.560631,105,155,,,,,
prenait,1700-1710,1740-1750,0.439009,0.560991,101,70,,,,,
devrait,1710-1720,1740-1750,0.438995,0.561005,64,90,,0.019598,0.980402,,
païs,1720-1730,1789-1802,0.438726,0.561274,2935,165,,,,,
m'ayant,1710-1720,1750-1760,0.438441,0.561559,86,232,,,,,
jugeoit,1700-1710,1710-1720,0.438271,0.561729,88,98,,0.024724,0.975276,,
fauroient,1720-1730,1789-1802,0.438237,0.561763,89,110,,,,,
l'étoit,1710-1720,1789-1802,0.436231,0.563769,138,621,,,,,
n'es,1730-1740,1740-1750,0.435317,0.564683,153,174,,,,,
manqua,1730-1740,1750-1760,0.434853,0.565147,368,428,,,,,
prendront,1700-1710,1789-1802,0.434025,0.565975,146,467,,0.016214,0.983786,,
consenti,1710-1720,1760-1770,0.432245,0.567755,124,309,,,,,
prît,1710-1720,1720-1730,0.431135,0.568865,115,107,,,,,
c'cft,1770-1780,1780-1789,0.430814,0.569186,1756,866,,,,,
diane,1710-1720,1780-1789,0.429994,0.570006,366,1471,,,,,
c'eit,1720-1730,1730-1740,0.429889,0.570111,311,361,,,,,
n'el,1700-1710,1730-1740,0.429639,0.570361,97,91,,,,,
m'as,1720-1730,1750-1760,0.429409,0.570591,179,194,,,,,
donnait,1720-1730,1750-1760,0.429023,0.570977,153,269,,,,,
entendoit,1710-1720,1760-1770,0.429019,0.570981,123,229,,,,,
rentra,1710-1720,1720-1730,0.428893,0.571107,72,111,,0.017291,0.982709,,
contribuent,1710-1720,1720-1730,0.428842,0.571158,160,111,,0.018984,0.981016,,
paraissait,1700-1710,1750-1760,0.428477,0.571523,66,124,,0.015815,0.984185,,
apportent,1710-1720,1760-1770,0.427688,0.572312,188,456,,0.014569,0.985431,,
devinrent,1710-1720,1720-1730,0.427062,0.572938,150,186,,0.011464,0.988536,,
dirons,1770-1780,1780-1789,0.426929,0.573071,895,927,,,,,
entouré,1710-1720,1730-1740,0.426398,0.573602,76,281,,0.026873,0.973127,,
souhaitoit,1710-1720,1770-1780,0.426059,0.573941,73,182,,,,,
xxvii,1700-1710,1710-1720,0.425673,0.574327,127,184,,0.018712,0.981288,,
vendeur,1740-1750,1780-1789,0.425229,0.574771,384,891,,,,,
compatriotes,1740-1750,1789-1802,0.425083,0.574917,280,1207,,0.024981,0.975019,,
figues,1760-1770,1780-1789,0.425046,0.574954,228,393,,0.014826,0.985174,,
n'etoit,1700-1710,1740-1750,0.423971,0.576029,69,175,,,,,
aimait,1700-1710,1720-1730,0.423585,0.576415,124,93,,,,,
soyons,1740-1750,1789-1802,0.423319,0.576681,120,669,,,,,
siécle,1700-1710,1740-1750,0.422785,0.577215,224,1103,,0.061336,0.938664,,
duré,1700-1710,1789-1802,0.422519,0.577481,109,501,,0.030259,0.969741,,
ferma,1700-1710,1720-1730,0.422476,0.577524,69,72,,,,,
d'aucune,1700-1710,1740-1750,0.42188,0.57812,296,640,,,,,
l'aurois,1700-1710,1710-1720,0.42115,0.57885,63,53,,,,,
agneaux,1710-1720,1720-1730,0.420583,0.579417,411,63,,,,,
pensa,1710-1720,1730-1740,0.420193,0.579807,207,297,,,,,
voyent,1740-1750,1780-1789,0.420017,0.579983,438,708,,,,,
kress,1730-1740,1789-1802,0.418733,0.581267,105,2184,,,,,
souffrent,1710-1720,1789-1802,0.41866,0.58134,190,415,,0.02761,0.97239,,
s'étant,1710-1720,1750-1760,0.41773,0.58227,743,1838,,,,,
l'ait,1700-1710,1789-1802,0.417464,0.582536,226,667,,,,,
n'aura,1700-1710,1740-1750,0.416515,0.583485,327,602,,,,,
avés,1700-1710,1770-1780,0.415107,0.584893,174,70,,,,,
souhaits,1740-1750,1750-1760,0.414517,0.585483,149,246,,,,,
l'avaient,1720-1730,1740-1750,0.413983,0.586017,76,53,,,,,
s'étoient,1710-1720,1730-1740,0.413337,0.586663,428,2484,,,,,
m'ait,1700-1710,1760-1770,0.412828,0.587172,99,227,,,,,
priai,1700-1710,1770-1780,0.412222,0.587778,85,216,,0.029975,0.970025,,
magnifiques,1720-1730,1730-1740,0.410693,0.589307,354,617,,,,,
voulaient,1730-1740,1740-1750,0.409864,0.590136,71,50,,,,,
jetterent,1750-1760,1789-1802,0.409723,0.590277,96,72,,,,,
m'être,1720-1730,1730-1740,0.409291,0.590709,93,319,,,,,
n'efl,1710-1720,1720-1730,0.408958,0.591042,104,177,,,,,
tcms,1700-1710,1740-1750,0.408556,0.591444,281,290,,,,,
n'ayez,1740-1750,1760-1770,0.40836,0.59164,181,260,,,,,
c'était,1700-1710,1750-1760,0.406806,0.593194,978,1202,,,,,
favent,1720-1730,1789-1802,0.406001,0.593999,100,447,,0.023417,0.976583,,
êtrc,1710-1720,1750-1760,0.405462,0.594538,74,96,,,,,
n'ell,1720-1730,1730-1740,0.404536,0.595464,93,115,,,,,
n'efi,1710-1720,1720-1730,0.40443,0.59557,122,129,,,,,
saisions,1720-1730,1730-1740,0.404398,0.595602,60,64,,,,,
n'arrive,1700-1710,1780-1789,0.403916,0.596084,139,492,,,,,
croyait,1700-1710,1740-1750,0.403255,0.596745,122,85,,,,,
n'avez,1710-1720,1720-1730,0.402215,0.597785,932,518,,,,,
j'aurai,1710-1720,1720-1730,0.401959,0.598041,431,294,,,,,
l'eut,1710-1720,1740-1750,0.401708,0.598292,132,309,,,,,
n'avoir,1710-1720,1770-1780,0.401409,0.598591,1070,4833,,,,,
mardi,1730-1740,1760-1770,0.398633,0.601367,136,1545,,,,,
vendredi,1730-1740,1780-1789,0.398273,0.601727,161,1249,,,,,
commençoit,1700-1710,1730-1740,0.397193,0.602807,194,566,,,,,
l'avoine,1730-1740,1740-1750,0.397137,0.602863,83,81,,,,,
servirent,1700-1710,1710-1720,0.395863,0.604137,107,119,,,,,
s'agissoit,1710-1720,1740-1750,0.395607,0.604393,137,324,,,,,
trouverent,1710-1720,1780-1789,0.395538,0.604462,345,1534,,,,,
fumes,1710-1720,1770-1780,0.393962,0.606038,172,219,,,,,
nommoit,1740-1750,1789-1802,0.393251,0.606749,891,394,,0.035556,0.964444,,
manqueroit,1710-1720,1720-1730,0.392608,0.607392,111,136,,,,,
fimes,1710-1720,1740-1750,0.391761,0.608239,234,503,,,,,
cinquieme,1720-1730,1730-1740,0.388342,0.611658,182,192,,0.029736,0.970264,,
voudrait,1740-1750,1750-1760,0.387989,0.612011,85,156,,,,,
l'infanterie,1700-1710,1770-1780,0.387296,0.612704,100,448,,,,,
sauroient,1700-1710,1740-1750,0.387088,0.612912,79,131,,,,,
m'étoit,1700-1710,1710-1720,0.384803,0.615197,123,55,,,,,
prétendez,1700-1710,1740-1750,0.384036,0.615964,58,151,,0.032625,0.967375,,
n'eus,1700-1710,1720-1730,0.383103,0.616897,85,104,,,,,
sentoit,1710-1720,1720-1730,0.382487,0.617513,119,178,,0.031865,0.968135,,
laissoient,1710-1720,1730-1740,0.382027,0.617973,117,245,,0.045117,0.954883,,
s'imaginent,1700-1710,1740-1750,0.381763,0.618237,127,143,,,,,
charmée,1700-1710,1710-1720,0.380524,0.619476,68,69,,0.015993,0.984007,,
greffiers,1760-1770,1770-1780,0.380332,0.619668,461,369,,0.024529,0.975471,,
jeudi,1730-1740,1789-1802,0.380218,0.619782,107,889,,0.045419,0.954581,,
pouvais,1700-1710,1750-1760,0.379489,0.620511,61,77,,0.025871,0.974129,,
c'el,1720-1730,1750-1760,0.379209,0.620791,300,340,,,,,
goldsmithsâ,1700-1710,1789-1802,0.377606,0.622394,68,1681,,,,,
poires,1760-1770,1780-1789,0.376765,0.623235,253,284,,,,,
fîmes,1710-1720,1789-1802,0.376752,0.623248,96,314,,,,,
s'est,1720-1730,1730-1740,0.374979,0.625021,3318,4764,,,,,
n'eut,1710-1720,1740-1750,0.374724,0.625276,779,1800,,,,,
devront,1720-1730,1740-1750,0.373095,0.626905,77,137,,0.018157,0.981843,,
prétendoient,1700-1710,1720-1730,0.37178,0.62822,61,147,,0.026303,0.973697,,
allions,1700-1710,1730-1740,0.371658,0.628342,72,153,,,,,
pourrais,1700-1710,1750-1760,0.371098,0.628902,89,134,,,,,
l'avois,1710-1720,1720-1730,0.369979,0.630021,118,142,,,,,
junon,1710-1720,1789-1802,0.369662,0.630338,804,192,,,,,
faudrait,1710-1720,1740-1750,0.368312,0.631688,118,132,,0.0218,0.9782,,
connaissez,1730-1740,1760-1770,0.367071,0.632929,171,262,,0.012965,0.987035,,
rives,1740-1750,1789-1802,0.365072,0.634928,342,701,,0.036551,0.963449,,
n'étois,1700-1710,1710-1720,0.364321,0.635679,70,78,,,,,
saurait,1720-1730,1770-1780,0.363512,0.636488,94,366,,,,,
pourvoient,1700-1710,1730-1740,0.359134,0.640866,50,75,,,,,
eûmes,1710-1720,1730-1740,0.358345,0.641655,103,138,,,,,
prenoient,1700-1710,1740-1750,0.357911,0.642089,159,450,,0.027617,0.972383,,
n'étant,1700-1710,1750-1760,0.357691,0.642309,641,1351,,,,,
trouveroient,1700-1710,1720-1730,0.357646,0.642354,91,212,,0.033926,0.966074,,
j'eusse,1720-1730,1789-1802,0.357541,0.642459,145,727,,,,,
puifle,1750-1760,1780-1789,0.357384,0.642616,162,338,,,,,
s'être,1710-1720,1780-1789,0.352182,0.647818,503,2586,,,,,
l'auroit,1700-1710,1720-1730,0.351963,0.648037,173,272,,,,,
voulais,1750-1760,1760-1770,0.351453,0.648547,92,148,,,,,
j'aurais,1700-1710,1750-1760,0.349651,0.650349,104,195,,,,,
s'étaient,1730-1740,1740-1750,0.349094,0.650906,80,62,,,,,
puissiez,1700-1710,1730-1740,0.348443,0.651557,105,229,,,,,
puisent,1750-1760,1789-1802,0.345588,0.654412,152,180,,,,,
voulût,1710-1720,1750-1760,0.344081,0.655919,261,376,,,,,
feriez,1730-1740,1760-1770,0.343955,0.656045,327,611,,0.020256,0.979744,,
l'ai,1700-1710,1760-1770,0.340091,0.659909,1292,5022,,,,,
j'avais,1700-1710,1750-1760,0.340057,0.659943,268,333,,,,,
pouvaient,1730-1740,1740-1750,0.339654,0.660346,160,110,,,,,
voudriez,1720-1730,1730-1740,0.337041,0.662959,65,216,,0.034743,0.965257,,
êrre,1710-1720,1730-1740,0.33587,0.66413,79,117,,,,,
pouviez,1700-1710,1720-1730,0.335702,0.664298,89,71,,,,,
devriez,1730-1740,1780-1789,0.334383,0.665617,92,247,,0.018239,0.981761,,
vouliez,1720-1730,1750-1760,0.332831,0.667169,101,232,,,,,
deviez,1710-1720,1750-1760,0.331097,0.668903,96,185,,,,,
devaient,1700-1710,1730-1740,0.330501,0.669499,50,86,,0.027288,0.972712,,
l'eût,1700-1710,1710-1720,0.330011,0.669989,246,216,,,,,
voulions,1750-1760,1789-1802,0.329108,0.670892,129,234,,,,,
seigle,1730-1740,1760-1770,0.328294,0.671706,155,1145,,0.07707,0.92293,,
fissent,1710-1720,1740-1750,0.327273,0.672727,123,172,,,,,
m'avoit,1710-1720,1720-1730,0.325385,0.674615,219,423,,,,,
n'cft,1710-1720,1740-1750,0.324184,0.675816,237,171,,,,,
suissent,1700-1710,1750-1760,0.323728,0.676272,90,221,,,,,
vîmes,1750-1760,1770-1780,0.32083,0.67917,106,194,,,,,
eussiez,1730-1740,1760-1770,0.320644,0.679356,122,196,,,,,
n'ayant,1700-1710,1730-1740,0.319242,0.680758,866,1771,,,,,
n'avais,1700-1710,1760-1770,0.319005,0.680995,72,150,,,,,
t'ai,1700-1710,1720-1730,0.317478,0.682522,274,146,,,,,
faisaient,1700-1710,1740-1750,0.315113,0.684887,138,101,,0.025061,0.974939,,
j'étais,1700-1710,1750-1760,0.312389,0.687611,232,305,,,,,
devions,1700-1710,1780-1789,0.310763,0.689237,86,394,,,,,
d'octobre,1710-1720,1770-1780,0.310134,0.689866,398,532,,,,,
n'auroit,1700-1710,1720-1730,0.307077,0.692923,685,1081,,,,,
serions,1710-1720,1740-1750,0.30603,0.69397,80,120,,,,,
n'aurois,1700-1710,1710-1720,0.305975,0.694025,134,160,,,,,
seraient,1730-1740,1740-1750,0.305879,0.694121,159,117,,,,,
pourrons,1700-1710,1710-1720,0.305381,0.694619,139,119,,,,,
j'aurois,1700-1710,1710-1720,0.300955,0.699045,414,457,,,,,
d'août,1730-1740,1780-1789,0.299345,0.700655,1006,1197,,,,,
n'eurent,1750-1760,1789-1802,0.298788,0.701212,346,514,,,,,
google,1730-1740,1780-1789,0.298509,0.701491,436,1214,,,,,
m'avait,1700-1710,1760-1770,0.290648,0.709352,99,181,,,,,
m'avoir,1710-1720,1740-1750,0.287335,0.712665,254,622,,,,,
pourraient,1730-1740,1740-1750,0.285891,0.714109,104,110,,,,,
l'avait,1730-1740,1740-1750,0.284391,0.715609,283,150,,,,,
n'eit,1780-1789,1789-1802,0.278562,0.721438,721,441,,,,,
m'eût,1700-1710,1710-1720,0.278366,0.721634,80,102,,,,,
l'avoient,1710-1720,1750-1760,0.277829,0.722171,314,802,,,,,
n'auront,1700-1710,1720-1730,0.267554,0.732446,160,317,,,,,
n'aurait,1720-1730,1730-1740,0.261318,0.738682,111,172,,,,,
literature,1740-1750,1789-1802,0.257199,0.742801,114,1693,,,,,
n'aient,1710-1720,1740-1750,0.255518,0.744482,74,313,,,,,
n'avois,1710-1720,1720-1730,0.251585,0.748415,247,412,,,,,
n'eût,1710-1720,1730-1740,0.250588,0.749412,745,1562,,,,,
n'et,1700-1710,1720-1730,0.240575,0.759425,325,371,,,,,
n'étaient,1700-1710,1720-1730,0.239075,0.760925,140,120,,,,,
n'avaient,1700-1710,1730-1740,0.23036,0.76964,145,163,,,,,
s'était,1740-1750,1750-1760,0.22676,0.77324,209,504,,,,,
n'auroient,1700-1710,1740-1750,0.217262,0.782738,250,650,,,,,
avaient,1710-1720,1720-1730,0.210858,0.789142,1761,652,,,,,
n'ayent,1740-1750,1770-1780,0.210732,0.789268,450,419,,,,,
n'eussent,1700-1710,1789-1802,0.196136,0.803864,108,809,,,,,
