word,period1,period2,cosine_distance,cosine_similarity,occ1,occ2,degree
veau,1720-1730,1789-1802,1.004967,-0.004967,4686,1418,5692
vivant,1750-1760,1760-1770,0.97374,0.02626,1464,1840,5712
propos,1740-1750,1789-1802,0.936395,0.063605,4733,7478,5718
exprès,1710-1720,1789-1802,0.906367,0.093633,771,1203,5696
garde,1760-1770,1789-1802,0.887376,0.112624,7550,14711,5717
passant,1750-1760,1780-1789,0.8783,0.1217,1016,2511,5710
ajoutez,1720-1730,1740-1750,0.877497,0.122503,270,340,5691
oubli,1700-1710,1720-1730,0.872633,0.127367,78,105,5702
vent,1730-1740,1750-1760,0.86839,0.13161,2993,3932,5715
généraux,1740-1750,1789-1802,0.854494,0.145506,3176,11426,5712
pouvoir,1710-1720,1770-1780,0.84985,0.15015,5488,24279,5718
trompe,1710-1720,1740-1750,0.846517,0.153483,752,1065,5709
prudent,1760-1770,1789-1802,0.836466,0.163534,620,1099,5699
revenant,1710-1720,1730-1740,0.832928,0.167072,226,653,5694
communes,1760-1770,1789-1802,0.832164,0.167836,2240,5192,5709
étrangères,1780-1789,1789-1802,0.82766,0.17234,2047,3333,5708
entiere,1740-1750,1789-1802,0.826072,0.173928,1293,1584,5694
vivement,1750-1760,1770-1780,0.824974,0.175026,1507,3023,5710
contenu,1710-1720,1789-1802,0.819274,0.180726,1091,876,5697
nouveaux,1710-1720,1720-1730,0.816353,0.183647,2218,2070,5718
quartier,1710-1720,1720-1730,0.810072,0.189928,1539,2090,5700
favori,1750-1760,1789-1802,0.805661,0.194339,631,910,5691
composer,1730-1740,1750-1760,0.800793,0.199207,503,683,5704
logement,1710-1720,1730-1740,0.800584,0.199416,289,314,5675
cadet,1740-1750,1760-1770,0.792144,0.207856,168,1292,5667
cour,1700-1710,1710-1720,0.791448,0.208552,5404,10201,5717
tournois,1720-1730,1780-1789,0.790492,0.209508,970,1825,5674
nullement,1710-1720,1780-1789,0.790302,0.209698,555,1864,5707
course,1760-1770,1780-1789,0.787316,0.212684,790,1536,5702
pareillement,1750-1760,1770-1780,0.786799,0.213201,1517,2393,5687
convertir,1710-1720,1750-1760,0.786247,0.213753,212,352,5685
consul,1730-1740,1740-1750,0.785755,0.214245,407,485,5671
quelconques,1730-1740,1760-1770,0.78428,0.21572,295,585,5641
romaine,1710-1720,1730-1740,0.782727,0.217273,551,3180,5706
https,1780-1789,1789-1802,0.781996,0.218004,733,1554,27
allant,1730-1740,1760-1770,0.781979,0.218021,598,3778,5700
témoin,1710-1720,1770-1780,0.780918,0.219082,758,2692,5711
oeuvre,1760-1770,1789-1802,0.780824,0.219176,1085,1126,5700
icelle,1730-1740,1789-1802,0.780726,0.219274,320,453,5656
argument,1730-1740,1789-1802,0.780443,0.219557,558,640,5695
pareil,1730-1740,1750-1760,0.780299,0.219701,1794,2576,5717
logis,1720-1730,1789-1802,0.779941,0.220059,717,1009,5680
repos,1720-1730,1740-1750,0.779802,0.220198,1495,3224,5716
divin,1720-1730,1730-1740,0.777743,0.222257,907,916,5705
miens,1710-1720,1780-1789,0.777336,0.222664,259,1130,5684
toit,1760-1770,1770-1780,0.776794,0.223206,3603,4921,5703
livre,1710-1720,1760-1770,0.776108,0.223892,6655,16042,5718
nier,1710-1720,1720-1730,0.773556,0.226444,536,647,5706
hautes,1720-1730,1789-1802,0.772598,0.227402,841,1548,5698
voulons,1700-1710,1710-1720,0.771498,0.228502,547,2228,5706
vons,1750-1760,1780-1789,0.771268,0.228732,443,785,5672
prévôt,1710-1720,1770-1780,0.770804,0.229196,711,655,5672
table,1740-1750,1770-1780,0.769692,0.230308,4003,8649,5720
pratique,1710-1720,1760-1770,0.76862,0.23138,1292,5008,5708
atteint,1770-1780,1780-1789,0.766312,0.233688,1095,1315,5700
innocent,1700-1710,1720-1730,0.765484,0.234516,380,395,5700
mariages,1750-1760,1770-1780,0.764895,0.235105,514,1539,5689
verront,1710-1720,1740-1750,0.762965,0.237035,632,515,5692
découverte,1730-1740,1740-1750,0.75984,0.24016,779,1523,5705
sacrifices,1760-1770,1789-1802,0.75692,0.24308,785,2412,5701
chef,1710-1720,1789-1802,0.756823,0.243177,1974,11201,5713
arrivant,1740-1750,1770-1780,0.754403,0.245597,911,707,5688
canons,1710-1720,1740-1750,0.750717,0.249283,325,998,5672
mauvaises,1750-1760,1760-1770,0.750548,0.249452,1270,1958,5704
veille,1730-1740,1740-1750,0.750143,0.249857,976,1115,5708
gardes,1700-1710,1710-1720,0.749766,0.250234,1141,2008,5704
juré,1700-1710,1710-1720,0.749608,0.250392,169,399,5686
chrétienne,1730-1740,1750-1760,0.747174,0.252826,892,1395,5688
marqué,1750-1760,1770-1780,0.746749,0.253251,1316,2156,5713
venise,1750-1760,1760-1770,0.745718,0.254282,1381,1585,5683
compter,1710-1720,1730-1740,0.742767,0.257233,1313,1930,5714
monnoie,1770-1780,1789-1802,0.742284,0.257716,3510,7673,5685
donnons,1710-1720,1730-1740,0.741916,0.258084,578,391,5694
compassion,1740-1750,1770-1780,0.741835,0.258165,436,774,5689
peur,1710-1720,1750-1760,0.741547,0.258453,2266,3058,5714
changé,1730-1740,1750-1760,0.740993,0.259007,1909,1163,5707
jésuites,1710-1720,1720-1730,0.740774,0.259226,407,291,5636
exercice,1710-1720,1750-1760,0.740331,0.259669,593,698,5707
chargé,1720-1730,1760-1770,0.737953,0.262047,1341,6126,5715
senti,1730-1740,1789-1802,0.7377,0.2623,733,2315,5712
convenu,1760-1770,1789-1802,0.737318,0.262682,1029,1638,5701
soulagement,1730-1740,1750-1760,0.735711,0.264289,235,564,5688
avoue,1710-1720,1789-1802,0.733908,0.266092,224,971,5709
simplement,1750-1760,1780-1789,0.733816,0.266184,1131,1926,5711
forêts,1720-1730,1760-1770,0.733433,0.266567,502,2039,5689
accoutumé,1720-1730,1789-1802,0.733024,0.266976,378,819,5700
tenu,1710-1720,1720-1730,0.731838,0.268162,2397,1502,5711
sainteté,1750-1760,1789-1802,0.729311,0.270689,727,799,5673
hiver,1730-1740,1750-1760,0.728907,0.271093,123,238,5700
voyant,1730-1740,1740-1750,0.727937,0.272063,3009,3024,5714
confié,1760-1770,1789-1802,0.727296,0.272704,618,1417,5692
cire,1720-1730,1789-1802,0.726933,0.273067,1070,1168,5696
published,1750-1760,1770-1780,0.726857,0.273143,697,1034,75
assura,1700-1710,1720-1730,0.726445,0.273555,58,58,5649
critiques,1760-1770,1789-1802,0.725495,0.274505,836,996,5706
envie,1750-1760,1789-1802,0.724852,0.275148,1206,1650,5713
jugez,1710-1720,1760-1770,0.724496,0.275504,337,713,5688
prise,1720-1730,1740-1750,0.722821,0.277179,1438,2548,5715
racine,1730-1740,1789-1802,0.722691,0.277309,797,2685,5699
moyennant,1740-1750,1780-1789,0.721971,0.278029,577,1302,5680
capitaine,1720-1730,1760-1770,0.721807,0.278193,2816,13112,5702
accord,1710-1720,1789-1802,0.721148,0.278852,187,1202,5712
lacs,1710-1720,1720-1730,0.721088,0.278912,292,304,5667
loge,1720-1730,1760-1770,0.721061,0.278939,207,813,5688
finir,1710-1720,1750-1760,0.720376,0.279624,648,1193,5713
toulouse,1710-1720,1760-1770,0.719436,0.280564,643,1288,5663
supposé,1720-1730,1789-1802,0.71942,0.28058,337,913,5700
dernier,1710-1720,1740-1750,0.718681,0.281319,5034,6693,5718
content,1730-1740,1750-1760,0.718389,0.281611,1529,1717,5711
continuelle,1770-1780,1789-1802,0.717989,0.282011,1179,1046,5704
joué,1740-1750,1789-1802,0.717969,0.282031,254,700,5677
grosses,1730-1740,1750-1760,0.717963,0.282037,1314,1535,5690
tableau,1780-1789,1789-1802,0.717956,0.282044,8709,9596,5717
demie,1740-1750,1789-1802,0.717059,0.282941,2509,2203,5688
suffisante,1730-1740,1740-1750,0.717046,0.282954,410,442,5690
éleva,1720-1730,1740-1750,0.716986,0.283014,102,130,5685
bourse,1710-1720,1760-1770,0.716637,0.283363,769,926,5687
sicile,1710-1720,1730-1740,0.716135,0.283865,1055,2724,5694
ouverte,1730-1740,1750-1760,0.713882,0.286118,869,1009,5709
royaux,1710-1720,1780-1789,0.713309,0.286691,606,1423,5673
ténèbres,1710-1720,1750-1760,0.712979,0.287021,115,375,5686
haute,1740-1750,1750-1760,0.712289,0.287711,2803,2305,5714
effort,1760-1770,1780-1789,0.711072,0.288928,1378,2173,5711
testament,1750-1760,1760-1770,0.709764,0.290236,1354,1391,5691
semaine,1710-1720,1730-1740,0.709273,0.290727,617,325,5683
lire,1700-1710,1710-1720,0.709265,0.290735,1242,1664,5713
opposition,1710-1720,1720-1730,0.708418,0.291582,366,234,5706
précédente,1720-1730,1750-1760,0.708152,0.291848,276,952,5700
trépas,1730-1740,1770-1780,0.707581,0.292419,1619,1002,5673
text,1730-1740,1770-1780,0.707476,0.292524,559,741,1271
serviteurs,1740-1750,1789-1802,0.706967,0.293033,539,902,5671
soldat,1720-1730,1730-1740,0.706785,0.293215,484,895,5703
faciliter,1700-1710,1770-1780,0.706744,0.293256,167,1396,5685
prononcer,1710-1720,1740-1750,0.706308,0.293692,325,691,5708
transports,1770-1780,1789-1802,0.705792,0.294208,1810,1864,5699
marché,1720-1730,1760-1770,0.704571,0.295429,1120,3980,5707
devoir,1700-1710,1710-1720,0.70411,0.29589,2435,2744,5716
comptant,1740-1750,1760-1770,0.703908,0.296092,581,1408,5688
inconnu,1710-1720,1760-1770,0.7039,0.2961,333,1010,5709
puis,1710-1720,1720-1730,0.703523,0.296477,8354,6434,5717
conformité,1710-1720,1789-1802,0.703442,0.296558,268,579,5697
criminel,1710-1720,1740-1750,0.702387,0.297613,683,870,5698
premieres,1720-1730,1780-1789,0.702335,0.297665,901,3460,5691
sortant,1720-1730,1730-1740,0.701368,0.298632,388,1118,5703
quatrieme,1710-1720,1730-1740,0.701072,0.298928,365,343,5682
lever,1700-1710,1710-1720,0.700569,0.299431,1015,1273,5711
signature,1730-1740,1760-1770,0.699959,0.300041,244,458,5647
toucher,1750-1760,1760-1770,0.699824,0.300176,1555,2096,5706
avoine,1700-1710,1760-1770,0.698552,0.301448,70,947,5634
garnison,1720-1730,1780-1789,0.698541,0.301459,509,893,5673
compté,1720-1730,1760-1770,0.698536,0.301464,340,876,5690
prêter,1710-1720,1720-1730,0.697499,0.302501,662,462,5708
fondre,1730-1740,1789-1802,0.697089,0.302911,1073,898,5700
tiens,1720-1730,1770-1780,0.696856,0.303144,535,1861,5704
sachant,1740-1750,1750-1760,0.696223,0.303777,266,273,5682
reconnoissance,1720-1730,1740-1750,0.696124,0.303876,1452,3539,5708
prompt,1780-1789,1789-1802,0.695844,0.304156,1412,1190,5703
ranger,1720-1730,1750-1760,0.695152,0.304848,404,375,5686
sainte,1720-1730,1770-1780,0.694771,0.305229,3385,3864,5714
visite,1710-1720,1730-1740,0.693749,0.306251,815,899,5682
dommage,1740-1750,1750-1760,0.693217,0.306783,916,1230,5699
présenter,1710-1720,1780-1789,0.692138,0.307862,403,3985,5710
miséricorde,1720-1730,1760-1770,0.690272,0.309728,171,442,5650
hier,1710-1720,1740-1750,0.690208,0.309792,352,815,5697
mere,1700-1710,1710-1720,0.690078,0.309922,2559,2277,5707
miracles,1720-1730,1730-1740,0.689847,0.310153,588,548,5679
cest,1700-1710,1780-1789,0.68954,0.31046,857,1928,5698
pure,1760-1770,1770-1780,0.689506,0.310494,2994,3583,5716
auxquels,1760-1770,1789-1802,0.689201,0.310799,3883,5151,5712
déterminé,1700-1710,1789-1802,0.68891,0.31109,250,2559,5704
frapper,1730-1740,1789-1802,0.688489,0.311511,602,2041,5700
entretien,1700-1710,1760-1770,0.687974,0.312026,343,1144,5708
suivans,1700-1710,1770-1780,0.687037,0.312963,287,984,5696
reculer,1710-1720,1789-1802,0.68652,0.31348,113,593,5674
anciens,1710-1720,1720-1730,0.686381,0.313619,4967,4858,5718
mortel,1750-1760,1789-1802,0.685946,0.314054,842,1465,5709
curiosité,1730-1740,1760-1770,0.685925,0.314075,834,1096,5709
observer,1710-1720,1730-1740,0.685774,0.314226,1340,1202,5713
dresser,1710-1720,1750-1760,0.685681,0.314319,360,498,5690
arrêta,1710-1720,1789-1802,0.685637,0.314363,76,476,5682
campagne,1710-1720,1780-1789,0.685605,0.314395,2160,6845,5711
domestique,1780-1789,1789-1802,0.685373,0.314627,1625,2137,5695
front,1720-1730,1770-1780,0.685371,0.314629,1146,3305,5713
employé,1770-1780,1789-1802,0.68388,0.31612,3435,4119,5710
loisir,1730-1740,1740-1750,0.683807,0.316193,534,509,5693
noirs,1750-1760,1789-1802,0.683713,0.316287,956,2608,5695
attendant,1750-1760,1770-1780,0.683695,0.316305,1095,2013,5706
palais,1710-1720,1789-1802,0.683681,0.316319,2485,5939,5716
voleur,1720-1730,1760-1770,0.683522,0.316478,185,397,5678
fâcheux,1730-1740,1760-1770,0.683001,0.316999,473,724,5702
pressé,1770-1780,1780-1789,0.682511,0.317489,818,990,5686
dira,1710-1720,1750-1760,0.68242,0.31758,725,1586,5709
enrichir,1760-1770,1789-1802,0.68235,0.31765,410,519,5696
exercé,1700-1710,1789-1802,0.682096,0.317904,88,975,5698
prévu,1710-1720,1789-1802,0.681892,0.318108,168,1159,5691
aides,1710-1720,1770-1780,0.681574,0.318426,110,3091,5677
providence,1730-1740,1789-1802,0.681303,0.318697,985,2132,5700
constant,1750-1760,1770-1780,0.680899,0.319101,471,916,5693
philippe,1710-1720,1720-1730,0.678227,0.321773,1083,3941,5701
obstacle,1760-1770,1770-1780,0.67759,0.32241,1208,1641,5699
restent,1700-1710,1710-1720,0.677538,0.322462,137,184,5709
fécond,1710-1720,1789-1802,0.677161,0.322839,193,958,5695
fept,1710-1720,1760-1770,0.676781,0.323219,343,1023,5649
ajoute,1760-1770,1770-1780,0.676627,0.323373,3130,4784,5715
rupture,1750-1760,1760-1770,0.675829,0.324171,364,427,5683
extraordinaire,1750-1760,1789-1802,0.675823,0.324177,1327,3419,5715
mourant,1700-1710,1720-1730,0.675672,0.324328,249,232,5702
prétendu,1700-1710,1740-1750,0.675481,0.324519,297,988,5708
proche,1710-1720,1789-1802,0.675409,0.324591,1970,1361,5705
naufrage,1720-1730,1740-1750,0.67479,0.32521,173,602,5692
commission,1740-1750,1789-1802,0.67467,0.32533,1152,5050,5690
etats,1700-1710,1789-1802,0.674403,0.325597,1973,14262,5703
tribunal,1710-1720,1789-1802,0.674101,0.325899,518,6806,5700
esclavage,1760-1770,1770-1780,0.673798,0.326202,355,591,5683
agrément,1750-1760,1789-1802,0.673086,0.326914,325,388,5703
travers,1740-1750,1780-1789,0.672939,0.327061,1929,5518,5714
renfermé,1730-1740,1750-1760,0.672043,0.327957,330,489,5699
reviens,1730-1740,1770-1780,0.671783,0.328217,338,676,5672
faim,1740-1750,1770-1780,0.671664,0.328336,848,1834,5705
dessein,1750-1760,1789-1802,0.67165,0.32835,4693,3366,5714
fleurs,1700-1710,1720-1730,0.671127,0.328873,1490,1504,5715
singulier,1700-1710,1730-1740,0.670845,0.329155,241,740,5708
parer,1730-1740,1780-1789,0.670806,0.329194,397,1231,5694
confier,1700-1710,1750-1760,0.670507,0.329493,167,521,5688
observe,1740-1750,1770-1780,0.669889,0.330111,1449,2359,5712
autant,1710-1720,1740-1750,0.669149,0.330851,5275,8836,5717
portera,1720-1730,1730-1740,0.668879,0.331121,129,188,5683
patentes,1780-1789,1789-1802,0.668871,0.331129,3466,1512,5675
répondre,1700-1710,1710-1720,0.668716,0.331284,1037,1350,5713
sage,1740-1750,1750-1760,0.668446,0.331554,2910,4323,5717
réponds,1750-1760,1760-1770,0.667785,0.332215,521,788,5689
croiroit,1700-1710,1710-1720,0.665751,0.334249,77,131,5685
parvenu,1760-1770,1770-1780,0.665687,0.334313,1418,2026,5706
étudier,1720-1730,1740-1750,0.665207,0.334793,149,172,5700
assembler,1750-1760,1780-1789,0.6651,0.3349,131,407,5677
pleine,1710-1720,1750-1760,0.664637,0.335363,1672,2019,5711
savoir,1700-1710,1770-1780,0.664566,0.335434,3023,11650,5717
admiration,1750-1760,1770-1780,0.664426,0.335574,519,834,5710
médecins,1710-1720,1750-1760,0.664405,0.335595,234,801,5691
césar,1730-1740,1780-1789,0.664078,0.335922,506,4745,5681
vive,1700-1710,1789-1802,0.664059,0.335941,869,4966,5714
pitié,1710-1720,1720-1730,0.663681,0.336319,788,640,5708
crainte,1740-1750,1750-1760,0.6625,0.3375,4839,4750,5713
introduit,1700-1710,1760-1770,0.662076,0.337924,279,1053,5699
commandement,1710-1720,1789-1802,0.66177,0.33823,707,1995,5694
céfar,1710-1720,1720-1730,0.661751,0.338249,107,624,5574
charger,1710-1720,1789-1802,0.66122,0.33878,887,2251,5705
barbare,1740-1750,1770-1780,0.661199,0.338801,964,2773,5705
bonnet,1750-1760,1760-1770,0.661134,0.338866,382,551,5686
produire,1700-1710,1710-1720,0.660553,0.339447,909,826,5713
infâme,1710-1720,1720-1730,0.660547,0.339453,112,68,5678
appeller,1730-1740,1740-1750,0.660033,0.339967,621,879,5702
mande,1710-1720,1730-1740,0.659488,0.340512,265,500,5687
domestiques,1750-1760,1780-1789,0.659232,0.340768,1272,2133,5700
comptes,1720-1730,1730-1740,0.65882,0.34118,2734,1039,5695
contribué,1760-1770,1789-1802,0.658803,0.341197,671,1385,5697
amiral,1760-1770,1789-1802,0.658289,0.341711,524,519,5697
offrir,1710-1720,1789-1802,0.658115,0.341885,339,2894,5711
déclaré,1700-1710,1789-1802,0.657947,0.342053,458,2581,5702
remettre,1700-1710,1710-1720,0.657669,0.342331,1202,1158,5706
battre,1700-1710,1770-1780,0.657327,0.342673,504,2149,5701
cardinal,1750-1760,1760-1770,0.657099,0.342901,4316,1853,5695
marche,1770-1780,1789-1802,0.656834,0.343166,6652,8364,5716
consuls,1730-1740,1760-1770,0.65657,0.34343,284,1763,5677
pairs,1710-1720,1789-1802,0.656395,0.343605,837,1653,5660
xiii,1710-1720,1730-1740,0.656307,0.343693,933,1677,5711
tiré,1710-1720,1750-1760,0.656033,0.343967,1229,1917,5715
recueillir,1700-1710,1780-1789,0.655863,0.344137,169,1615,5695
mets,1720-1730,1760-1770,0.65546,0.34454,545,1066,5708
vieille,1760-1770,1770-1780,0.655379,0.344621,1549,2942,5704
paroître,1760-1770,1789-1802,0.655375,0.344625,2251,2172,5703
confondre,1720-1730,1789-1802,0.655182,0.344818,344,1513,5701
effet,1700-1710,1720-1730,0.654735,0.345265,3911,5327,5718
catholique,1710-1720,1730-1740,0.653612,0.346388,574,1560,5682
pommes,1770-1780,1789-1802,0.653468,0.346532,1424,1607,5667
prison,1710-1720,1720-1730,0.653095,0.346905,1004,894,5710
curé,1730-1740,1750-1760,0.652602,0.347398,828,1359,5679
sucre,1720-1730,1760-1770,0.652535,0.347465,1070,3736,5669
voisins,1720-1730,1740-1750,0.652102,0.347898,1136,2154,5709
renvoyé,1700-1710,1710-1720,0.652018,0.347982,234,310,5687
conduire,1710-1720,1789-1802,0.652006,0.347994,1438,4780,5712
pareils,1700-1710,1720-1730,0.651622,0.348378,282,572,5706
vouloir,1730-1740,1760-1770,0.651542,0.348458,2867,4760,5714
christ,1700-1710,1770-1780,0.651284,0.348716,3332,2462,5693
author,1780-1789,1789-1802,0.650815,0.349185,2363,3744,3213
zèle,1730-1740,1780-1789,0.650684,0.349316,1140,3229,5694
visiter,1710-1720,1750-1760,0.650677,0.349323,449,400,5675
délibération,1720-1730,1770-1780,0.650243,0.349757,326,1012,5681
contenir,1740-1750,1780-1789,0.649926,0.350074,1004,2289,5698
offices,1710-1720,1740-1750,0.649904,0.350096,3307,1136,5706
gouverner,1750-1760,1770-1780,0.649848,0.350152,1136,2299,5708
thomas,1740-1750,1750-1760,0.64949,0.35051,1358,1537,5696
froid,1780-1789,1789-1802,0.64921,0.35079,5660,3732,5713
fermier,1730-1740,1789-1802,0.649067,0.350933,1126,1717,5679
prêt,1710-1720,1760-1770,0.648438,0.351562,1323,3151,5712
dépit,1770-1780,1789-1802,0.648416,0.351584,1263,1205,5699
accompagner,1700-1710,1710-1720,0.647964,0.352036,118,130,5693
besoins,1740-1750,1780-1789,0.647861,0.352139,1258,6170,5703
ouest,1740-1750,1770-1780,0.647736,0.352264,2091,844,5655
paraît,1710-1720,1789-1802,0.647472,0.352528,301,3049,5681
verte,1710-1720,1780-1789,0.647433,0.352567,558,1277,5687
inutile,1750-1760,1770-1780,0.646654,0.353346,2935,4986,5716
entendit,1730-1740,1750-1760,0.646587,0.353413,265,220,5678
engagement,1720-1730,1760-1770,0.646315,0.353685,184,570,5693
dressé,1710-1720,1720-1730,0.646185,0.353815,241,226,5685
employa,1720-1730,1730-1740,0.646038,0.353962,181,304,5678
attendu,1720-1730,1740-1750,0.645962,0.354038,570,1093,5705
restoit,1700-1710,1730-1740,0.645854,0.354146,183,723,5690
décrire,1700-1710,1710-1720,0.645451,0.354549,117,129,5695
consentir,1780-1789,1789-1802,0.645147,0.354853,1097,1233,5690
garder,1710-1720,1780-1789,0.644511,0.355489,1957,4826,5715
trompé,1760-1770,1770-1780,0.644496,0.355504,1431,2272,5708
repris,1730-1740,1770-1780,0.644216,0.355784,954,1275,5698
exil,1710-1720,1750-1760,0.64371,0.35629,138,316,5693
faisant,1710-1720,1760-1770,0.643113,0.356887,3652,7137,5716
disposer,1750-1760,1760-1770,0.643025,0.356975,1153,1611,5699
commandé,1730-1740,1789-1802,0.642552,0.357448,427,732,5685
propose,1760-1770,1789-1802,0.642422,0.357578,2825,4537,5712
manqué,1710-1720,1780-1789,0.641792,0.358208,546,2120,5707
ouvert,1710-1720,1730-1740,0.641484,0.358516,592,890,5709
occuper,1750-1760,1780-1789,0.64114,0.35886,664,1721,5710
bourgogne,1710-1720,1720-1730,0.640968,0.359032,1050,1882,5686
penser,1740-1750,1770-1780,0.639257,0.360743,3349,6133,5713
meilleures,1730-1740,1770-1780,0.638779,0.361221,575,1794,5701
recevoir,1700-1710,1720-1730,0.638118,0.361882,3024,3202,5719
grandeur,1720-1730,1750-1760,0.63802,0.36198,2106,4027,5714
naples,1730-1740,1740-1750,0.638014,0.361986,1627,835,5692
amener,1700-1710,1760-1770,0.63714,0.36286,217,547,5697
parla,1750-1760,1770-1780,0.637134,0.362866,1076,1698,5698
prononce,1720-1730,1750-1760,0.636525,0.363475,194,573,5698
entretenir,1710-1720,1720-1730,0.636106,0.363894,898,647,5711
auxquelles,1700-1710,1789-1802,0.635866,0.364134,238,3385,5711
cachet,1710-1720,1789-1802,0.635416,0.364584,203,1030,5671
aimant,1750-1760,1770-1780,0.634504,0.365496,233,524,5678
renfermer,1700-1710,1710-1720,0.634396,0.365604,126,158,5696
tendent,1730-1740,1789-1802,0.634319,0.365681,290,1026,5702
dernière,1750-1760,1760-1770,0.634234,0.365766,1882,2349,5711
monter,1720-1730,1770-1780,0.63397,0.36603,1114,3153,5708
poste,1710-1720,1789-1802,0.633846,0.366154,371,3252,5695
important,1750-1760,1780-1789,0.633354,0.366646,1610,3406,5714
disons,1730-1740,1780-1789,0.633092,0.366908,352,738,5690
croyons,1760-1770,1780-1789,0.632951,0.367049,959,2005,5701
empereurs,1720-1730,1730-1740,0.632929,0.367071,865,1123,5683
suivantes,1730-1740,1740-1750,0.632383,0.367617,684,779,5692
ruines,1740-1750,1760-1770,0.632118,0.367882,595,851,5688
acquérir,1700-1710,1710-1720,0.631879,0.368121,134,120,5698
caractères,1710-1720,1780-1789,0.631396,0.368604,279,1418,5705
sanglante,1700-1710,1720-1730,0.631208,0.368792,74,93,5672
accepter,1710-1720,1760-1770,0.630767,0.369233,283,568,5698
commissaire,1710-1720,1780-1789,0.630429,0.369571,950,1975,5666
entrant,1720-1730,1750-1760,0.630122,0.369878,397,763,5698
considérable,1740-1750,1750-1760,0.630054,0.369946,2046,2764,5710
faisons,1720-1730,1770-1780,0.629725,0.370275,777,1817,5706
prie,1700-1710,1789-1802,0.629523,0.370477,1776,3516,5711
rapporter,1750-1760,1789-1802,0.629059,0.370941,2237,2461,5712
major,1700-1710,1720-1730,0.628899,0.371101,344,1054,5696
continué,1710-1720,1730-1740,0.628894,0.371106,246,374,5697
allez,1700-1710,1720-1730,0.628518,0.371482,1201,1307,5709
foir,1710-1720,1730-1740,0.628308,0.371692,246,765,5678
transporté,1710-1720,1720-1730,0.628293,0.371707,306,257,5692
présenté,1700-1710,1740-1750,0.628113,0.371887,144,883,5707
raconter,1750-1760,1760-1770,0.627931,0.372069,510,428,5684
voyage,1710-1720,1740-1750,0.627867,0.372133,1878,7547,5718
glorieuse,1710-1720,1770-1780,0.627624,0.372376,243,544,5679
placer,1720-1730,1730-1740,0.627364,0.372636,493,980,5708
adoucir,1710-1720,1720-1730,0.626925,0.373075,175,179,5699
manquer,1740-1750,1789-1802,0.626812,0.373188,1753,2640,5713
changea,1700-1710,1720-1730,0.626625,0.373375,222,287,5686
occupent,1730-1740,1750-1760,0.626439,0.373561,195,451,5694
achevé,1710-1720,1780-1789,0.625874,0.374126,432,1054,5699
croira,1700-1710,1740-1750,0.625295,0.374705,97,261,5684
auparavant,1700-1710,1720-1730,0.625178,0.374822,1384,1995,5712
christianisme,1720-1730,1730-1740,0.625163,0.374837,155,135,5639
merveilles,1710-1720,1750-1760,0.624861,0.375139,308,524,5691
peinture,1750-1760,1789-1802,0.624529,0.375471,2378,1413,5707
froids,1720-1730,1730-1740,0.62431,0.37569,112,162,5691
aspect,1770-1780,1789-1802,0.623413,0.376587,402,827,5674
reposer,1710-1720,1750-1760,0.623092,0.376908,333,467,5694
barbe,1720-1730,1760-1770,0.623031,0.376969,372,740,5687
courir,1730-1740,1740-1750,0.623019,0.376981,1060,1409,5709
tienne,1700-1710,1720-1730,0.622874,0.377126,308,288,5701
vingts,1700-1710,1789-1802,0.622849,0.377151,772,627,5680
nôtre,1720-1730,1780-1789,0.622733,0.377267,5212,2016,5709
paul,1720-1730,1740-1750,0.622309,0.377691,1587,1698,5710
continuer,1710-1720,1740-1750,0.622217,0.377783,820,1401,5703
paquet,1710-1720,1789-1802,0.621407,0.378593,215,768,5656
jefus,1730-1740,1770-1780,0.621158,0.378842,699,561,5479
connaître,1710-1720,1730-1740,0.620844,0.379156,529,530,5691
foudre,1710-1720,1770-1780,0.6205,0.3795,342,1638,5703
parent,1720-1730,1789-1802,0.619591,0.380409,356,1478,5704
pourvu,1710-1720,1760-1770,0.619562,0.380438,1178,3615,5708
tiroit,1700-1710,1789-1802,0.61915,0.38085,199,766,5685
contiennent,1700-1710,1710-1720,0.617863,0.382137,227,346,5701
environné,1710-1720,1760-1770,0.617808,0.382192,205,387,5688
deuxième,1730-1740,1789-1802,0.617607,0.382393,208,2983,5685
résolution,1770-1780,1789-1802,0.617505,0.382495,1938,3206,5698
siecle,1740-1750,1750-1760,0.617344,0.382656,475,845,5686
ajouté,1700-1710,1710-1720,0.616486,0.383514,190,176,5702
lorraine,1730-1740,1750-1760,0.61648,0.38352,917,3017,5681
poisson,1700-1710,1710-1720,0.616174,0.383826,495,1517,5687
écrire,1710-1720,1720-1730,0.616156,0.383844,775,822,5716
informer,1700-1710,1710-1720,0.615936,0.384064,198,287,5690
tirée,1700-1710,1710-1720,0.615566,0.384434,480,723,5707
rent,1700-1710,1740-1750,0.615062,0.384938,1036,2482,5701
utile,1730-1740,1750-1760,0.614815,0.385185,1949,3766,5715
manuscrit,1770-1780,1780-1789,0.614429,0.385571,1447,1760,5699
former,1710-1720,1740-1750,0.61406,0.38594,1344,3047,5718
emploi,1770-1780,1780-1789,0.614033,0.385967,2266,2508,5711
laissons,1710-1720,1750-1760,0.613906,0.386094,229,449,5686
suivante,1730-1740,1780-1789,0.613166,0.386834,1856,3228,5707
forêt,1710-1720,1750-1760,0.613125,0.386875,279,824,5682
diroit,1700-1710,1730-1740,0.612705,0.387295,230,502,5696
triste,1740-1750,1789-1802,0.612672,0.387328,1350,3276,5709
bêtes,1740-1750,1780-1789,0.6123,0.3877,1481,2286,5701
ensorte,1780-1789,1789-1802,0.612283,0.387717,1548,697,5688
écrivit,1720-1730,1730-1740,0.611745,0.388255,454,882,5693
récit,1740-1750,1780-1789,0.611019,0.388981,1780,4161,5705
promesse,1730-1740,1740-1750,0.610431,0.389569,621,471,5691
fini,1700-1710,1760-1770,0.610256,0.389744,542,1748,5711
dette,1700-1710,1789-1802,0.609799,0.390201,475,7540,5685
directeur,1740-1750,1780-1789,0.609482,0.390518,460,1791,5690
particulieres,1710-1720,1780-1789,0.609225,0.390775,580,1699,5670
songez,1710-1720,1750-1760,0.60915,0.39085,323,487,5676
foixante,1720-1730,1740-1750,0.608723,0.391277,529,532,5645
chambre,1720-1730,1750-1760,0.608473,0.391527,5103,4801,5711
appas,1760-1770,1780-1789,0.60807,0.39193,481,729,5679
divers,1700-1710,1789-1802,0.607912,0.392088,1817,7145,5716
milan,1730-1740,1770-1780,0.607813,0.392187,1537,850,5671
pauvre,1710-1720,1720-1730,0.607388,0.392612,1531,1310,5711
étonnant,1730-1740,1740-1750,0.607273,0.392727,492,418,5704
partisans,1720-1730,1770-1780,0.606807,0.393193,199,1656,5701
voisin,1740-1750,1789-1802,0.606758,0.393242,902,1807,5703
clair,1700-1710,1760-1770,0.606687,0.393313,785,2591,5709
portées,1710-1720,1730-1740,0.606497,0.393503,951,1205,5698
catholiques,1710-1720,1720-1730,0.606159,0.393841,302,677,5656
prévoir,1700-1710,1740-1750,0.605481,0.394519,148,432,5692
détacher,1700-1710,1710-1720,0.605134,0.394866,147,117,5682
appliquer,1710-1720,1760-1770,0.604834,0.395166,351,892,5704
semble,1700-1710,1710-1720,0.604779,0.395221,2148,2876,5715
inquiétude,1770-1780,1789-1802,0.604001,0.395999,1184,1324,5704
levé,1710-1720,1730-1740,0.603318,0.396682,380,814,5700
disait,1700-1710,1789-1802,0.603294,0.396706,195,2425,5603
deviner,1710-1720,1720-1730,0.603216,0.396784,205,215,5700
commença,1700-1710,1740-1750,0.603045,0.396955,562,1110,5697
colonie,1740-1750,1789-1802,0.602827,0.397173,1501,4141,5693
chercha,1700-1710,1730-1740,0.602536,0.397464,116,185,5676
découvert,1720-1730,1770-1780,0.602464,0.397536,530,2451,5706
pain,1710-1720,1720-1730,0.602114,0.397886,3415,1899,5709
cens,1710-1720,1789-1802,0.6019,0.3981,5438,2897,5701
avancé,1710-1720,1760-1770,0.601779,0.398221,456,1216,5708
verroit,1710-1720,1770-1780,0.600778,0.399222,173,924,5689
désespoir,1730-1740,1789-1802,0.600239,0.399761,781,2493,5701
représenter,1720-1730,1770-1780,0.600008,0.399992,323,2067,5709
éloignement,1720-1730,1770-1780,0.599986,0.400014,111,491,5697
chair,1700-1710,1720-1730,0.599849,0.400151,1249,1317,5699
satisfait,1710-1720,1789-1802,0.599228,0.400772,468,1432,5707
percer,1750-1760,1770-1780,0.598759,0.401241,459,1246,5692
resté,1700-1710,1720-1730,0.598698,0.401302,152,259,5692
particulières,1760-1770,1789-1802,0.598266,0.401734,1091,3111,5705
that,1750-1760,1789-1802,0.598107,0.401893,1921,6210,5354
couru,1740-1750,1750-1760,0.598068,0.401932,323,310,5686
italiens,1720-1730,1740-1750,0.597796,0.402204,272,404,5695
chevaliers,1750-1760,1789-1802,0.597697,0.402303,1499,1744,5684
interrompit,1720-1730,1760-1770,0.59767,0.40233,92,303,5649
loger,1740-1750,1780-1789,0.597191,0.402809,524,1479,5682
puissances,1720-1730,1770-1780,0.596852,0.403148,579,2171,5684
regret,1710-1720,1760-1770,0.596804,0.403196,383,1171,5710
déclarations,1750-1760,1789-1802,0.596769,0.403231,1159,1700,5684
galerie,1750-1760,1770-1780,0.596082,0.403918,276,1595,5681
ajouta,1720-1730,1750-1760,0.595979,0.404021,371,1009,5689
communiquer,1760-1770,1780-1789,0.595942,0.404058,1066,1808,5701
chefs,1710-1720,1740-1750,0.595598,0.404402,1049,1703,5712
teint,1700-1710,1760-1770,0.594868,0.405132,233,865,5697
pontife,1720-1730,1770-1780,0.594712,0.405288,304,996,5676
probable,1710-1720,1750-1760,0.594144,0.405856,150,615,5696
voyois,1710-1720,1740-1750,0.592903,0.407097,88,512,5655
montra,1730-1740,1740-1750,0.592824,0.407176,533,377,5691
incroyable,1700-1710,1789-1802,0.592042,0.407958,111,589,5686
lisbonne,1720-1730,1730-1740,0.591985,0.408015,889,198,5646
déclara,1700-1710,1789-1802,0.591881,0.408119,234,1506,5683
ordonne,1710-1720,1789-1802,0.591855,0.408145,2315,2952,5710
tyran,1780-1789,1789-1802,0.591493,0.408507,2537,2821,5693
brillante,1760-1770,1770-1780,0.591353,0.408647,930,1520,5698
paroitre,1700-1710,1720-1730,0.591337,0.408663,237,373,5676
admettre,1700-1710,1789-1802,0.591261,0.408739,88,1154,5698
voisine,1750-1760,1789-1802,0.59069,0.40931,490,1092,5691
porteur,1700-1710,1780-1789,0.590196,0.409804,295,1058,5686
congé,1760-1770,1780-1789,0.590064,0.409936,1138,1900,5692
aveuglement,1700-1710,1720-1730,0.590015,0.409985,91,125,5690
tens,1700-1710,1710-1720,0.589814,0.410186,240,277,5659
london,1700-1710,1789-1802,0.589143,0.410857,298,2416,3656
they,1750-1760,1789-1802,0.589116,0.410884,1579,2059,2352
marais,1770-1780,1789-1802,0.589098,0.410902,1818,1752,5690
suede,1740-1750,1760-1770,0.58894,0.41106,558,996,5641
obligea,1750-1760,1789-1802,0.58892,0.41108,429,411,5690
prêté,1760-1770,1780-1789,0.588894,0.411106,687,1255,5694
admirable,1760-1770,1789-1802,0.588883,0.411117,1348,1231,5710
voila,1700-1710,1730-1740,0.588833,0.411167,1108,784,5694
trouvant,1720-1730,1750-1760,0.588747,0.411253,875,1130,5707
tuer,1710-1720,1770-1780,0.58854,0.41146,664,1879,5699
mortelle,1770-1780,1780-1789,0.588361,0.411639,762,855,5692
continua,1720-1730,1730-1740,0.587606,0.412394,424,1260,5690
fauver,1710-1720,1730-1740,0.587375,0.412625,252,852,5547
successeur,1740-1750,1780-1789,0.587127,0.412873,416,527,5668
rente,1750-1760,1780-1789,0.586409,0.413591,1275,3098,5691
instrument,1740-1750,1789-1802,0.586178,0.413822,497,998,5708
troisieme,1710-1720,1730-1740,0.586073,0.413927,468,691,5698
promettre,1700-1710,1720-1730,0.586014,0.413986,203,296,5694
rapportent,1730-1740,1770-1780,0.585817,0.414183,310,948,5691
éducation,1760-1770,1770-1780,0.585208,0.414792,1237,2285,5704
assuré,1720-1730,1770-1780,0.585054,0.414946,488,2526,5701
ornement,1740-1750,1789-1802,0.584726,0.415274,301,456,5699
port,1700-1710,1789-1802,0.584655,0.415345,2257,9650,5715
billets,1730-1740,1760-1770,0.583817,0.416183,1897,2538,5687
permettez,1720-1730,1750-1760,0.583366,0.416634,128,612,5686
monstre,1740-1750,1789-1802,0.583326,0.416674,564,1535,5694
brûler,1720-1730,1750-1760,0.583054,0.416946,447,619,5695
demain,1730-1740,1770-1780,0.582754,0.417246,796,1960,5694
latins,1720-1730,1760-1770,0.582602,0.417398,590,632,5703
entrent,1760-1770,1789-1802,0.582321,0.417679,1454,920,5697
devoirs,1720-1730,1730-1740,0.582221,0.417779,1202,1665,5707
desire,1700-1710,1720-1730,0.581958,0.418042,159,126,5696
vivres,1730-1740,1770-1780,0.581845,0.418155,1647,1850,5681
supplice,1710-1720,1720-1730,0.581801,0.418199,359,379,5699
retrouver,1700-1710,1720-1730,0.581791,0.418209,127,141,5691
aveu,1740-1750,1789-1802,0.5817,0.4183,921,1707,5713
conseils,1710-1720,1780-1789,0.581285,0.418715,1484,4377,5709
protestans,1720-1730,1770-1780,0.580855,0.419145,277,400,5608
offroit,1700-1710,1710-1720,0.579334,0.420666,68,116,5685
estimer,1740-1750,1789-1802,0.579226,0.420774,225,463,5682
oracle,1780-1789,1789-1802,0.579157,0.420843,983,329,5692
journée,1720-1730,1740-1750,0.578751,0.421249,799,1086,5697
moindre,1710-1720,1720-1730,0.578277,0.421723,2131,2069,5714
reçu,1710-1720,1740-1750,0.577441,0.422559,1467,3389,5711
soir,1720-1730,1740-1750,0.577166,0.422834,1596,3672,5694
ressemblent,1710-1720,1740-1750,0.576203,0.423797,254,611,5675
changent,1770-1780,1789-1802,0.576161,0.423839,917,682,5693
donnant,1700-1710,1710-1720,0.575864,0.424136,787,891,5713
ignorer,1770-1780,1789-1802,0.575676,0.424324,1005,946,5703
étoir,1700-1710,1710-1720,0.575628,0.424372,161,124,5671
titres,1720-1730,1760-1770,0.575595,0.424405,1259,2936,5708
retire,1740-1750,1750-1760,0.575554,0.424446,864,1211,5711
précieuses,1760-1770,1770-1780,0.575499,0.424501,722,1098,5696
marchant,1760-1770,1780-1789,0.57539,0.42461,396,747,5686
tourment,1780-1789,1789-1802,0.575265,0.424735,828,688,5670
lieutenant,1710-1720,1789-1802,0.575201,0.424799,3429,5635,5698
proposé,1750-1760,1789-1802,0.574965,0.425035,1130,2885,5707
espagne,1700-1710,1740-1750,0.57495,0.42505,998,1658,5702
cents,1730-1740,1740-1750,0.574915,0.425085,1127,1395,5697
manger,1720-1730,1750-1760,0.574536,0.425464,1340,1469,5704
mers,1720-1730,1740-1750,0.574264,0.425736,464,1255,5691
passée,1750-1760,1770-1780,0.573992,0.426008,399,900,5689
dernières,1710-1720,1740-1750,0.573757,0.426243,262,421,5693
toient,1750-1760,1760-1770,0.573534,0.426466,783,634,5665
vieillards,1710-1720,1720-1730,0.57347,0.42653,313,298,5697
manque,1700-1710,1720-1730,0.573169,0.426831,921,1271,5715
vertueux,1740-1750,1789-1802,0.573146,0.426854,782,3143,5700
venue,1700-1710,1720-1730,0.572699,0.427301,372,488,5704
frères,1710-1720,1760-1770,0.57217,0.42783,488,1129,5695
etre,1730-1740,1740-1750,0.572035,0.427965,1187,3792,5712
directeurs,1720-1730,1730-1740,0.571943,0.428057,549,671,5684
satisfaction,1760-1770,1789-1802,0.570667,0.429333,1150,1800,5705
pareilles,1700-1710,1789-1802,0.570401,0.429599,318,1702,5709
bonnes,1710-1720,1750-1760,0.570385,0.429615,2080,3711,5713
coucher,1700-1710,1750-1760,0.57017,0.42983,794,638,5698
distinguer,1740-1750,1750-1760,0.569791,0.430209,1230,1630,5710
voulant,1710-1720,1720-1730,0.56924,0.43076,1296,1084,5709
auquel,1710-1720,1789-1802,0.568683,0.431317,2126,6866,5716
miel,1750-1760,1760-1770,0.568498,0.431502,416,1076,5685
couvrir,1720-1730,1789-1802,0.567562,0.432438,661,2300,5701
blanc,1710-1720,1720-1730,0.567533,0.432467,2379,2013,5712
poète,1710-1720,1730-1740,0.56744,0.43256,210,1454,5699
examiner,1760-1770,1789-1802,0.567146,0.432854,2176,2252,5713
destin,1710-1720,1789-1802,0.566057,0.433943,648,1313,5692
apprit,1710-1720,1740-1750,0.565693,0.434307,248,1439,5694
mourut,1750-1760,1770-1780,0.565151,0.434849,3938,3338,5703
finie,1730-1740,1740-1750,0.564935,0.435065,365,351,5693
samedi,1760-1770,1770-1780,0.564761,0.435239,1185,1737,5684
jésus,1730-1740,1760-1770,0.564738,0.435262,1411,2022,5647
crus,1700-1710,1710-1720,0.564685,0.435315,193,337,5678
montrent,1700-1710,1730-1740,0.564561,0.435439,112,302,5699
avouer,1740-1750,1789-1802,0.563996,0.436004,610,1170,5712
craignant,1710-1720,1750-1760,0.56389,0.43611,226,439,5687
title,1750-1760,1780-1789,0.563688,0.436312,780,1694,924
veuve,1750-1760,1780-1789,0.563498,0.436502,1710,2495,5699
cousin,1750-1760,1780-1789,0.56291,0.43709,597,580,5658
fourni,1720-1730,1770-1780,0.562737,0.437263,445,1812,5709
dimanche,1750-1760,1760-1770,0.56263,0.43737,520,704,5676
suffit,1710-1720,1750-1760,0.561768,0.438232,998,2784,5714
maîtresse,1730-1740,1750-1760,0.561527,0.438473,1123,1096,5702
défendit,1720-1730,1750-1760,0.561314,0.438686,216,435,5677
voient,1730-1740,1760-1770,0.561208,0.438792,2241,4493,5711
mander,1700-1710,1730-1740,0.560842,0.439158,309,280,5670
notaire,1720-1730,1740-1750,0.560652,0.439348,400,895,5676
promet,1700-1710,1730-1740,0.560644,0.439356,317,586,5699
ordonna,1710-1720,1720-1730,0.56034,0.43966,734,880,5693
conçois,1700-1710,1720-1730,0.560198,0.439802,162,104,5674
prière,1730-1740,1789-1802,0.559709,0.440291,408,1185,5687
mettoit,1730-1740,1740-1750,0.559656,0.440344,952,756,5694
amené,1700-1710,1789-1802,0.559559,0.440441,188,1046,5694
montrant,1730-1740,1740-1750,0.559482,0.440518,444,377,5699
ailes,1780-1789,1789-1802,0.558723,0.441277,1452,1135,5692
tante,1760-1770,1780-1789,0.557868,0.442132,1235,1928,5687
fassent,1720-1730,1780-1789,0.557487,0.442513,242,655,5686
étais,1700-1710,1720-1730,0.557454,0.442546,60,91,5657
rejoindre,1710-1720,1740-1750,0.556883,0.443117,78,376,5675
brillant,1710-1720,1789-1802,0.556777,0.443223,243,1872,5706
dormir,1700-1710,1720-1730,0.556492,0.443508,215,227,5685
amours,1730-1740,1789-1802,0.556381,0.443619,829,1026,5698
vigne,1700-1710,1780-1789,0.555875,0.444125,959,1397,5690
portoit,1730-1740,1760-1770,0.555021,0.444979,1633,1527,5703
anges,1770-1780,1780-1789,0.555006,0.444994,720,563,5670
engagea,1700-1710,1740-1750,0.554985,0.445015,65,279,5685
compagnons,1710-1720,1760-1770,0.554686,0.445314,583,1274,5693
sentis,1700-1710,1789-1802,0.553833,0.446167,95,641,5653
élever,1720-1730,1789-1802,0.553753,0.446247,482,2126,5713
rage,1720-1730,1750-1760,0.553564,0.446436,501,1115,5709
attendoit,1710-1720,1770-1780,0.553237,0.446763,101,607,5691
tiendra,1730-1740,1789-1802,0.553047,0.446953,325,767,5688
quart,1710-1720,1789-1802,0.55291,0.44709,1347,5178,5698
commencent,1710-1720,1789-1802,0.552159,0.447841,304,961,5697
instruit,1740-1750,1760-1770,0.551178,0.448822,885,1963,5710
demoiselle,1720-1730,1730-1740,0.550781,0.449219,240,417,5677
permet,1710-1720,1720-1730,0.550668,0.449332,824,673,5713
emploie,1710-1720,1720-1730,0.550562,0.449438,106,155,5701
avancer,1710-1720,1770-1780,0.54969,0.45031,427,1119,5711
rentes,1710-1720,1740-1750,0.549083,0.450917,1696,1555,5690
pois,1760-1770,1770-1780,0.548565,0.451435,966,1221,5670
artillerie,1710-1720,1720-1730,0.548403,0.451597,53,133,5677
arrivera,1700-1710,1730-1740,0.548281,0.451719,162,193,5680
montrer,1700-1710,1750-1760,0.547315,0.452685,809,2335,5713
aimoit,1700-1710,1730-1740,0.547252,0.452748,285,661,5698
devint,1730-1740,1770-1780,0.547018,0.452982,1337,3538,5704
nécessaire,1710-1720,1730-1740,0.546934,0.453066,1517,3456,5715
observé,1700-1710,1710-1720,0.546506,0.453494,411,708,5704
répondent,1710-1720,1750-1760,0.546383,0.453617,112,395,5695
grecs,1700-1710,1730-1740,0.546177,0.453823,1857,4085,5712
ducs,1710-1720,1770-1780,0.544809,0.455191,839,1053,5665
générales,1750-1760,1780-1789,0.544633,0.455367,1579,2745,5707
rapporte,1700-1710,1710-1720,0.5446,0.4554,632,1199,5714
gorge,1760-1770,1789-1802,0.544593,0.455407,1062,995,5693
garantir,1700-1710,1740-1750,0.54452,0.45548,306,1036,5703
laissant,1720-1730,1730-1740,0.544455,0.455545,460,700,5704
intervalle,1710-1720,1789-1802,0.544376,0.455624,161,1308,5702
possible,1700-1710,1760-1770,0.544297,0.455703,1467,9107,5717
ressentiment,1730-1740,1750-1760,0.543927,0.456073,528,726,5684
artifice,1720-1730,1750-1760,0.543899,0.456101,192,295,5702
jouer,1720-1730,1789-1802,0.54386,0.45614,535,2557,5707
capitaines,1710-1720,1730-1740,0.543687,0.456313,520,949,5689
manquent,1760-1770,1789-1802,0.543617,0.456383,1314,1213,5705
misérable,1720-1730,1730-1740,0.543403,0.456597,235,375,5687
décrit,1700-1710,1730-1740,0.543372,0.456628,137,318,5699
roit,1700-1710,1770-1780,0.543169,0.456831,791,3551,5703
jeter,1710-1720,1720-1730,0.543131,0.456869,207,188,5675
apprenez,1720-1730,1750-1760,0.543065,0.456935,120,376,5677
citer,1700-1710,1760-1770,0.542981,0.457019,184,1192,5707
procureur,1700-1710,1710-1720,0.542679,0.457321,1263,4301,5689
contente,1720-1730,1760-1770,0.54254,0.45746,521,1312,5711
infortune,1710-1720,1789-1802,0.542201,0.457799,72,453,5688
cieux,1700-1710,1780-1789,0.542109,0.457891,574,2646,5699
farine,1710-1720,1760-1770,0.541899,0.458101,1057,3712,5678
reprendre,1710-1720,1760-1770,0.541787,0.458213,549,1435,5706
demi,1700-1710,1730-1740,0.541162,0.458838,2868,2521,5713
imaginé,1730-1740,1789-1802,0.540977,0.459023,414,1175,5704
furieux,1740-1750,1770-1780,0.540956,0.459044,918,1615,5704
retiré,1700-1710,1710-1720,0.540675,0.459325,378,377,5700
toiles,1720-1730,1750-1760,0.540643,0.459357,842,2920,5687
portraits,1760-1770,1789-1802,0.540639,0.459361,551,831,5698
bord,1750-1760,1770-1780,0.540521,0.459479,1847,4941,5710
offert,1720-1730,1789-1802,0.540041,0.459959,205,1329,5698
croyant,1710-1720,1720-1730,0.539448,0.460552,276,265,5698
blancs,1730-1740,1789-1802,0.539255,0.460745,579,3126,5701
orateurs,1750-1760,1789-1802,0.53885,0.46115,319,956,5685
sois,1740-1750,1760-1770,0.538614,0.461386,660,981,5698
accepté,1710-1720,1720-1730,0.538034,0.461966,206,146,5690
xviii,1710-1720,1789-1802,0.53788,0.46212,375,1328,5705
infortuné,1730-1740,1740-1750,0.537228,0.462772,268,238,5680
glorieux,1740-1750,1789-1802,0.536651,0.463349,700,1210,5701
peintre,1700-1710,1720-1730,0.536592,0.463408,963,497,5702
redoutable,1720-1730,1730-1740,0.536488,0.463512,433,646,5694
découvrir,1700-1710,1750-1760,0.53638,0.46362,840,2039,5713
conclure,1730-1740,1740-1750,0.536165,0.463835,1059,1495,5708
travaillé,1710-1720,1740-1750,0.535826,0.464174,357,418,5704
arrérages,1710-1720,1720-1730,0.535625,0.464375,197,75,5568
promis,1760-1770,1789-1802,0.534897,0.465103,1801,2981,5703
passent,1760-1770,1780-1789,0.534873,0.465127,1568,1826,5695
tenté,1710-1720,1770-1780,0.534753,0.465247,203,1863,5699
conduisent,1720-1730,1789-1802,0.534411,0.465589,209,740,5682
déplorable,1750-1760,1789-1802,0.5344,0.4656,333,1045,5690
acheté,1760-1770,1789-1802,0.534384,0.465616,769,1044,5689
apporte,1750-1760,1760-1770,0.53436,0.46564,755,1032,5712
demeurer,1700-1710,1760-1770,0.533957,0.466043,1019,1042,5696
tint,1710-1720,1720-1730,0.533272,0.466728,522,740,5693
brebis,1700-1710,1750-1760,0.532766,0.467234,375,1652,5680
suivit,1730-1740,1760-1770,0.532626,0.467374,576,651,5690
bateau,1710-1720,1730-1740,0.532588,0.467412,398,155,5659
garçons,1720-1730,1730-1740,0.532253,0.467747,283,330,5686
approuvé,1740-1750,1760-1770,0.531925,0.468075,414,508,5689
marie,1750-1760,1780-1789,0.531478,0.468522,2140,3207,5703
tiennent,1710-1720,1780-1789,0.531425,0.468575,1204,3529,5711
persuader,1710-1720,1720-1730,0.531392,0.468608,805,574,5708
bénéfices,1710-1720,1720-1730,0.530914,0.469086,186,139,5663
plaisanterie,1710-1720,1720-1730,0.530722,0.469278,156,88,5686
chapelle,1750-1760,1760-1770,0.530402,0.469598,1115,1001,5691
profité,1770-1780,1780-1789,0.529542,0.470458,738,824,5689
rendues,1710-1720,1789-1802,0.529076,0.470924,263,769,5687
naissent,1700-1710,1789-1802,0.528938,0.471062,222,905,5694
quitté,1760-1770,1780-1789,0.528852,0.471148,881,1834,5699
considérer,1710-1720,1720-1730,0.528442,0.471558,215,285,5701
troisième,1730-1740,1740-1750,0.528145,0.471855,868,810,5711
croyois,1700-1710,1710-1720,0.527788,0.472212,190,104,5678
loup,1700-1710,1720-1730,0.52712,0.47288,279,308,5672
rentrer,1710-1720,1750-1760,0.526794,0.473206,434,1039,5704
commandant,1740-1750,1780-1789,0.526778,0.473222,1023,2316,5682
rendant,1700-1710,1740-1750,0.526777,0.473223,284,553,5708
proposer,1720-1730,1789-1802,0.526753,0.473247,487,2910,5704
paroît,1700-1710,1720-1730,0.52602,0.47398,1373,2124,5705
faisait,1720-1730,1730-1740,0.525895,0.474105,471,545,5627
ronde,1780-1789,1789-1802,0.525672,0.474328,1089,987,5689
réussi,1760-1770,1780-1789,0.52567,0.47433,722,1073,5699
parlerai,1720-1730,1740-1750,0.524588,0.475412,276,345,5689
éloigné,1700-1710,1710-1720,0.52431,0.47569,600,704,5711
lendemain,1710-1720,1740-1750,0.524139,0.475861,1618,3991,5702
renvoyer,1710-1720,1730-1740,0.523966,0.476034,301,451,5692
consentit,1700-1710,1710-1720,0.523953,0.476047,137,139,5652
statues,1710-1720,1770-1780,0.52369,0.47631,694,1491,5694
lundi,1760-1770,1770-1780,0.523451,0.476549,1133,1407,5665
apporté,1710-1720,1789-1802,0.522945,0.477055,319,956,5695
laine,1720-1730,1780-1789,0.522407,0.477593,826,4996,5697
mener,1700-1710,1740-1750,0.522276,0.477724,456,842,5697
profondeur,1700-1710,1789-1802,0.521863,0.478137,334,1991,5697
prié,1710-1720,1780-1789,0.520898,0.479102,342,905,5687
cessé,1770-1780,1789-1802,0.520837,0.479163,796,1524,5668
lumière,1720-1730,1740-1750,0.520789,0.479211,298,702,5702
choisit,1740-1750,1770-1780,0.520596,0.479404,467,1194,5695
noir,1750-1760,1789-1802,0.52042,0.47958,2619,3404,5711
criant,1730-1740,1750-1760,0.520196,0.479804,164,168,5676
tonnerre,1720-1730,1760-1770,0.520023,0.479977,233,771,5696
fiefs,1700-1710,1740-1750,0.519771,0.480229,473,1731,5640
appareil,1760-1770,1789-1802,0.519719,0.480281,426,614,5695
tire,1710-1720,1720-1730,0.51971,0.48029,2484,2680,5715
nomma,1710-1720,1740-1750,0.519265,0.480735,249,654,5681
diverfes,1740-1750,1760-1770,0.518601,0.481399,659,589,5531
fatale,1750-1760,1780-1789,0.518429,0.481571,596,1183,5693
entrepris,1700-1710,1789-1802,0.518189,0.481811,235,838,5701
sorti,1710-1720,1720-1730,0.517857,0.482143,556,540,5703
produisent,1700-1710,1740-1750,0.517368,0.482632,351,880,5704
comprendre,1710-1720,1740-1750,0.51719,0.48281,891,1724,5712
reconnut,1720-1730,1730-1740,0.516796,0.483204,243,374,5682
adroit,1760-1770,1770-1780,0.516686,0.483314,476,766,5684
savans,1760-1770,1789-1802,0.516196,0.483804,567,993,5678
chapeau,1730-1740,1750-1760,0.515822,0.484178,435,417,5684
aucunes,1710-1720,1750-1760,0.515811,0.484189,1369,981,5683
permettent,1700-1710,1710-1720,0.515656,0.484344,150,156,5699
roient,1710-1720,1780-1789,0.515513,0.484487,186,1711,5679
permit,1710-1720,1789-1802,0.515444,0.484556,344,1190,5701
chaud,1760-1770,1789-1802,0.515439,0.484561,1777,1077,5698
quitter,1710-1720,1750-1760,0.514581,0.485419,875,2019,5712
automne,1730-1740,1740-1750,0.51409,0.48591,64,113,5690
vache,1720-1730,1750-1760,0.51299,0.48701,182,319,5666
longtems,1710-1720,1740-1750,0.512644,0.487356,589,1162,5684
terrible,1700-1710,1730-1740,0.512267,0.487733,500,1066,5711
chaise,1720-1730,1730-1740,0.511466,0.488534,159,279,5657
malheureuse,1730-1740,1740-1750,0.51124,0.48876,869,886,5704
receveurs,1780-1789,1789-1802,0.511127,0.488873,2121,1810,5644
descendre,1720-1730,1740-1750,0.511116,0.488884,436,1299,5706
appellé,1710-1720,1789-1802,0.511081,0.488919,1118,1028,5689
verd,1720-1730,1740-1750,0.510389,0.489611,536,1222,5684
traduire,1700-1710,1789-1802,0.509616,0.490384,123,621,5696
prétend,1720-1730,1770-1780,0.508723,0.491277,1326,5577,5712
porta,1720-1730,1770-1780,0.508656,0.491344,980,1828,5698
mariée,1780-1789,1789-1802,0.508655,0.491345,992,683,5683
bled,1730-1740,1789-1802,0.508562,0.491438,629,2392,5692
retour,1750-1760,1770-1780,0.508346,0.491654,4281,6855,5716
surprise,1720-1730,1730-1740,0.508243,0.491757,612,1287,5710
éloge,1700-1710,1720-1730,0.508165,0.491835,157,267,5708
affreuse,1740-1750,1750-1760,0.507885,0.492115,283,242,5673
incapable,1720-1730,1730-1740,0.507511,0.492489,221,406,5705
sentent,1780-1789,1789-1802,0.507488,0.492512,715,624,5694
filles,1710-1720,1720-1730,0.507132,0.492868,1842,2489,5713
hôte,1700-1710,1780-1789,0.50666,0.49334,90,661,5670
engagé,1700-1710,1760-1770,0.506558,0.493442,314,1228,5705
saints,1710-1720,1730-1740,0.505895,0.494105,1294,965,5706
tira,1740-1750,1770-1780,0.505783,0.494217,983,951,5691
bataille,1760-1770,1770-1780,0.505562,0.494438,1985,3921,5703
debout,1710-1720,1730-1740,0.505382,0.494618,471,336,5697
valet,1710-1720,1770-1780,0.505078,0.494922,1443,1769,5697
mouton,1700-1710,1780-1789,0.504521,0.495479,331,965,5665
dragons,1720-1730,1740-1750,0.504443,0.495557,301,287,5668
condamnation,1740-1750,1750-1760,0.503387,0.496613,360,477,5685
prodigieux,1770-1780,1789-1802,0.50287,0.49713,1025,730,5697
tomba,1720-1730,1730-1740,0.502763,0.497237,512,742,5692
rapporté,1710-1720,1770-1780,0.502757,0.497243,742,1588,5703
verrai,1710-1720,1750-1760,0.502612,0.497388,131,408,5667
resta,1700-1710,1710-1720,0.501853,0.498147,106,184,5684
conjure,1740-1750,1780-1789,0.501381,0.498619,302,920,5673
rencontrer,1710-1720,1780-1789,0.501124,0.498876,279,1510,5702
matin,1740-1750,1770-1780,0.500907,0.499093,2967,4913,5705
sentir,1700-1710,1740-1750,0.50029,0.49971,721,2273,5715
manquoit,1710-1720,1730-1740,0.500282,0.499718,207,608,5689
marquer,1710-1720,1760-1770,0.500135,0.499865,1026,1878,5707
arrivent,1710-1720,1760-1770,0.499876,0.500124,477,1017,5695
riviere,1710-1720,1730-1740,0.499346,0.500654,1754,2047,5676
conduisit,1740-1750,1789-1802,0.49917,0.50083,659,1178,5684
commence,1720-1730,1750-1760,0.498751,0.501249,1406,2710,5717
tourna,1760-1770,1789-1802,0.497885,0.502115,403,610,5675
soyez,1710-1720,1770-1780,0.497606,0.502394,417,1706,5694
embarras,1750-1760,1770-1780,0.495798,0.504202,1066,1697,5710
minuit,1710-1720,1760-1770,0.49532,0.50468,201,314,5663
reconnu,1710-1720,1789-1802,0.495215,0.504785,656,3525,5709
croit,1700-1710,1740-1750,0.494828,0.505172,1331,3997,5715
grec,1730-1740,1780-1789,0.494784,0.505216,1396,5324,5704
amie,1710-1720,1789-1802,0.494509,0.505491,165,3844,5689
apporter,1710-1720,1789-1802,0.493533,0.506467,659,1290,5705
abandonner,1710-1720,1760-1770,0.493175,0.506825,342,1114,5711
contrats,1710-1720,1760-1770,0.493005,0.506995,806,1798,5675
premières,1710-1720,1740-1750,0.492867,0.507133,396,646,5710
dents,1700-1710,1770-1780,0.492692,0.507308,424,3250,5699
forteresse,1710-1720,1789-1802,0.491157,0.508843,139,776,5636
tournant,1750-1760,1780-1789,0.490853,0.509147,391,958,5694
sait,1710-1720,1750-1760,0.490751,0.509249,607,1658,5700
isle,1740-1750,1750-1760,0.49025,0.50975,1450,974,5697
aimez,1720-1730,1760-1770,0.489295,0.510705,199,486,5685
chargée,1700-1710,1740-1750,0.489195,0.510805,177,579,5701
prétends,1740-1750,1750-1760,0.488918,0.511082,248,444,5690
partir,1700-1710,1710-1720,0.488803,0.511197,885,808,5708
ques,1700-1710,1720-1730,0.488486,0.511514,981,1394,5701
mettant,1710-1720,1740-1750,0.48826,0.51174,536,856,5711
passoit,1710-1720,1730-1740,0.488259,0.511741,271,839,5694
avocats,1710-1720,1780-1789,0.488099,0.511901,525,1421,5678
laisse,1710-1720,1740-1750,0.487758,0.512242,2136,2312,5715
nommer,1710-1720,1789-1802,0.48767,0.51233,723,2678,5710
promenade,1700-1710,1720-1730,0.48695,0.51305,135,170,5669
dirent,1780-1789,1789-1802,0.486455,0.513545,1543,979,5687
library,1780-1789,1789-1802,0.486255,0.513745,1573,3522,2225
monta,1730-1740,1740-1750,0.485832,0.514168,503,599,5686
divine,1700-1710,1770-1780,0.485482,0.514518,888,2369,5707
drap,1700-1710,1760-1770,0.485019,0.514981,325,1497,5676
briller,1760-1770,1770-1780,0.484352,0.515648,592,860,5700
apollon,1710-1720,1730-1740,0.484076,0.515924,688,762,5695
toises,1740-1750,1760-1770,0.483926,0.516074,1336,1674,5668
retourna,1730-1740,1770-1780,0.483568,0.516432,610,512,5679
vendu,1710-1720,1770-1780,0.483418,0.516582,976,2365,5693
exiger,1710-1720,1789-1802,0.483308,0.516692,529,1839,5706
éprouvé,1710-1720,1740-1750,0.481709,0.518291,173,408,5708
oblige,1700-1710,1730-1740,0.481683,0.518317,608,534,5710
vengeance,1740-1750,1789-1802,0.48163,0.51837,1710,3876,5706
entra,1750-1760,1789-1802,0.481573,0.518427,1106,1662,5692
souverains,1710-1720,1720-1730,0.481443,0.518557,1102,719,5695
préceptes,1720-1730,1789-1802,0.480958,0.519042,228,750,5693
iroient,1730-1740,1750-1760,0.480542,0.519458,258,515,5670
frayeur,1730-1740,1770-1780,0.480531,0.519469,638,1030,5692
servira,1720-1730,1750-1760,0.479941,0.520059,221,443,5688
conservent,1700-1710,1780-1789,0.479491,0.520509,118,896,5683
gagné,1720-1730,1750-1760,0.479261,0.520739,429,690,5702
moines,1700-1710,1730-1740,0.477922,0.522078,224,761,5674
offrit,1700-1710,1720-1730,0.477693,0.522307,110,169,5686
ouvrit,1710-1720,1740-1750,0.476614,0.523386,151,344,5683
servent,1700-1710,1740-1750,0.47603,0.52397,330,379,5698
parurent,1710-1720,1720-1730,0.4752,0.5248,232,231,5688
appartenoit,1700-1710,1780-1789,0.475198,0.524802,152,1007,5685
façon,1700-1710,1720-1730,0.473655,0.526345,987,1752,5716
accordé,1700-1710,1730-1740,0.473641,0.526359,467,1096,5702
répondu,1780-1789,1789-1802,0.473212,0.526788,2053,1766,5696
peux,1700-1710,1720-1730,0.472981,0.527019,293,223,5701
papes,1700-1710,1720-1730,0.472868,0.527132,162,546,5655
sortit,1720-1730,1789-1802,0.472512,0.527488,465,1856,5691
obtint,1700-1710,1710-1720,0.471288,0.528712,259,317,5685
nulle,1700-1710,1750-1760,0.469615,0.530385,627,1733,5706
durant,1740-1750,1780-1789,0.468508,0.531492,1537,4087,5697
aurez,1700-1710,1760-1770,0.467775,0.532225,904,2765,5704
soeurs,1720-1730,1760-1770,0.467729,0.532271,390,671,5672
gris,1740-1750,1760-1770,0.467679,0.532321,600,1445,5681
etoit,1740-1750,1750-1760,0.467212,0.532788,1542,1810,5698
refusa,1710-1720,1770-1780,0.467103,0.532897,177,866,5690
prenant,1730-1740,1740-1750,0.465243,0.534757,1548,1783,5712
ferait,1730-1740,1780-1789,0.465158,0.534842,276,2923,5686
jugera,1720-1730,1730-1740,0.465007,0.534993,217,285,5688
ferai,1700-1710,1720-1730,0.464447,0.535553,1172,989,5712
sortent,1730-1740,1789-1802,0.464247,0.535753,254,937,5689
freres,1710-1720,1789-1802,0.463081,0.536919,818,1737,5685
pape,1700-1710,1730-1740,0.462226,0.537774,1579,6611,5693
colonel,1720-1730,1760-1770,0.461198,0.538802,821,1402,5675
enfants,1720-1730,1760-1770,0.4609,0.5391,918,3245,5678
instant,1760-1770,1789-1802,0.460839,0.539161,2746,6330,5714
murs,1700-1710,1710-1720,0.460693,0.539307,261,736,5708
rester,1740-1750,1770-1780,0.459767,0.540233,665,1928,5705
accorde,1700-1710,1710-1720,0.459656,0.540344,257,350,5711
imaginer,1700-1710,1770-1780,0.459527,0.540473,282,1474,5710
résolu,1740-1750,1789-1802,0.459505,0.540495,1371,1376,5698
arrivoit,1710-1720,1730-1740,0.459393,0.540607,212,469,5685
nuages,1730-1740,1750-1760,0.459147,0.540853,303,456,5699
servit,1710-1720,1720-1730,0.459124,0.540876,460,601,5690
tombent,1760-1770,1770-1780,0.45901,0.54099,1267,1898,5705
derniere,1710-1720,1720-1730,0.458932,0.541068,1209,1514,5703
épouse,1710-1720,1780-1789,0.45891,0.54109,556,1948,5697
favoit,1740-1750,1750-1760,0.458819,0.541181,318,400,5643
perdent,1770-1780,1789-1802,0.458617,0.541383,1346,1030,5702
heureuse,1730-1740,1760-1770,0.458563,0.541437,1361,2481,5711
boire,1700-1710,1710-1720,0.458087,0.541913,939,1238,5702
permettoit,1700-1710,1710-1720,0.457548,0.542452,110,112,5688
entendent,1750-1760,1789-1802,0.457545,0.542455,264,339,5692
ayez,1710-1720,1760-1770,0.457262,0.542738,678,948,5700
sembloient,1700-1710,1720-1730,0.457246,0.542754,92,148,5674
pensent,1710-1720,1760-1770,0.456738,0.543262,181,904,5699
trois,1700-1710,1710-1720,0.456205,0.543795,12821,14431,5720
ayons,1730-1740,1780-1789,0.45614,0.54386,257,768,5702
passa,1710-1720,1740-1750,0.455171,0.544829,865,1447,5700
tenoit,1730-1740,1780-1789,0.454949,0.545051,1595,3549,5696
éroit,1700-1710,1710-1720,0.454903,0.545097,223,206,5680
eurent,1730-1740,1740-1750,0.454316,0.545684,2062,2065,5704
desirs,1720-1730,1770-1780,0.454209,0.545791,409,2289,5696
cherchoit,1700-1710,1710-1720,0.454208,0.545792,191,153,5691
etoient,1710-1720,1730-1740,0.453698,0.546302,476,1001,5679
résolut,1740-1750,1780-1789,0.453357,0.546643,766,1137,5669
espérer,1710-1720,1740-1750,0.453123,0.546877,443,1082,5708
souffert,1700-1710,1720-1730,0.451557,0.548443,290,306,5700
refuser,1740-1750,1789-1802,0.451325,0.548675,797,2232,5699
chargea,1730-1740,1750-1760,0.4512,0.5488,623,468,5680
donnerai,1700-1710,1720-1730,0.450875,0.549125,182,165,5679
péril,1700-1710,1710-1720,0.450473,0.549527,317,519,5692
voudra,1700-1710,1789-1802,0.449901,0.550099,575,2088,5713
pria,1720-1730,1740-1750,0.449883,0.550117,502,940,5680
partit,1710-1720,1750-1760,0.448341,0.551659,370,720,5690
etrangers,1710-1720,1740-1750,0.448214,0.551786,814,1530,5684
montré,1750-1760,1789-1802,0.447765,0.552235,867,2206,5702
donneroit,1700-1710,1710-1720,0.447343,0.552657,209,245,5695
parloit,1710-1720,1740-1750,0.446903,0.553097,344,815,5695
fermé,1700-1710,1730-1740,0.446879,0.553121,187,370,5693
voudrois,1700-1710,1710-1720,0.445874,0.554126,616,693,5700
remit,1710-1720,1740-1750,0.44577,0.55423,234,862,5692
bleu,1730-1740,1789-1802,0.444885,0.555115,340,1464,5678
onze,1720-1730,1730-1740,0.444854,0.555146,684,751,5701
voudrez,1760-1770,1789-1802,0.442766,0.557234,434,627,5679
lont,1700-1710,1789-1802,0.441924,0.558076,633,1146,5676
lesquels,1710-1720,1720-1730,0.441487,0.558513,3517,3548,5717
sembloit,1710-1720,1730-1740,0.440655,0.559345,405,1119,5697
retourner,1730-1740,1740-1750,0.440283,0.559717,1269,2280,5705
savoit,1700-1710,1730-1740,0.44021,0.55979,180,213,5671
craignoit,1700-1710,1770-1780,0.439892,0.560108,185,880,5686
desquelles,1700-1710,1710-1720,0.439465,0.560535,425,705,5695
vais,1710-1720,1750-1760,0.439261,0.560739,2381,3694,5713
aimée,1700-1710,1710-1720,0.438818,0.561182,141,153,5683
crut,1700-1710,1720-1730,0.437782,0.562218,698,801,5698
reçue,1710-1720,1720-1730,0.4375,0.5625,257,215,5701
crains,1700-1710,1760-1770,0.436898,0.563102,590,1638,5708
présenta,1710-1720,1720-1730,0.436235,0.563765,247,208,5683
ôtoient,1730-1740,1780-1789,0.436096,0.563904,126,257,5617
croyoit,1710-1720,1730-1740,0.435524,0.564476,380,1213,5700
seize,1720-1730,1780-1789,0.435345,0.564655,819,2307,5693
accordée,1700-1710,1710-1720,0.435224,0.564776,173,319,5699
beurre,1700-1710,1710-1720,0.435224,0.564776,470,947,5631
savait,1710-1720,1740-1750,0.43506,0.56494,547,106,5475
donneront,1700-1710,1710-1720,0.434078,0.565922,199,258,5684
cherché,1700-1710,1740-1750,0.434033,0.565967,161,433,5706
printemps,1720-1730,1730-1740,0.430387,0.569613,181,238,5682
avois,1720-1730,1730-1740,0.430038,0.569962,584,876,5708
oublié,1710-1720,1789-1802,0.42973,0.57027,523,2078,5710
prendra,1700-1710,1710-1720,0.428541,0.571459,357,352,5695
mettra,1710-1720,1730-1740,0.428041,0.571959,276,268,5696
concevoir,1740-1750,1770-1780,0.427775,0.572225,1037,1977,5707
forcé,1710-1720,1789-1802,0.426298,0.573702,408,4904,5712
rems,1700-1710,1710-1720,0.425741,0.574259,228,220,5679
proposa,1710-1720,1789-1802,0.425046,0.574954,266,1431,5695
oncle,1720-1730,1789-1802,0.4249,0.5751,708,2525,5697
jugea,1740-1750,1789-1802,0.424033,0.575967,783,632,5688
leva,1730-1740,1780-1789,0.421971,0.578029,551,1312,5682
courut,1710-1720,1780-1789,0.420083,0.579917,202,995,5677
fallu,1700-1710,1740-1750,0.419572,0.580428,179,608,5712
avril,1700-1710,1740-1750,0.417562,0.582438,709,1774,5702
viens,1700-1710,1710-1720,0.417547,0.582453,1991,1942,5711
revenir,1700-1710,1720-1730,0.416858,0.583142,1116,1210,5710
donnèrent,1710-1720,1730-1740,0.415427,0.584573,150,350,5678
aurais,1700-1710,1750-1760,0.415091,0.584909,51,56,5650
pensé,1730-1740,1789-1802,0.414643,0.585357,827,2200,5711
soixante,1710-1720,1780-1789,0.41459,0.58541,1786,5207,5701
rendra,1710-1720,1720-1730,0.414142,0.585858,277,297,5699
croyoient,1720-1730,1780-1789,0.413885,0.586115,268,1097,5683
empêché,1700-1710,1740-1750,0.413653,0.586347,193,420,5698
virent,1730-1740,1740-1750,0.413614,0.586386,694,1293,5686
supposer,1740-1750,1760-1770,0.413602,0.586398,679,1516,5703
vouloient,1700-1710,1710-1720,0.413161,0.586839,1020,551,5695
sept,1730-1740,1789-1802,0.411559,0.588441,3500,10694,5715
aurons,1740-1750,1770-1780,0.411319,0.588681,560,999,5697
voudrais,1710-1720,1730-1740,0.410863,0.589137,216,307,5648
cinquante,1700-1710,1710-1720,0.410551,0.589449,1345,1806,5705
eusse,1700-1710,1710-1720,0.410454,0.589546,54,63,5678
neuf,1720-1730,1750-1760,0.409989,0.590011,2478,3485,5717
tableaux,1730-1740,1780-1789,0.407419,0.592581,472,3068,5710
neveu,1700-1710,1720-1730,0.407153,0.592847,660,541,5692
voulus,1700-1710,1730-1740,0.406496,0.593504,134,256,5642
pouvant,1700-1710,1720-1730,0.406324,0.593676,776,832,5712
gendre,1700-1710,1730-1740,0.406083,0.593917,406,599,5688
ront,1700-1710,1780-1789,0.406001,0.593999,446,1635,5689
aurai,1700-1710,1789-1802,0.405571,0.594429,132,426,5699
refusé,1710-1720,1789-1802,0.404473,0.595527,207,1206,5693
erre,1700-1710,1710-1720,0.404153,0.595847,380,280,5687
suffire,1700-1710,1789-1802,0.403865,0.596135,120,1174,5692
nomment,1740-1750,1789-1802,0.403495,0.596505,1662,735,5686
pensez,1710-1720,1760-1770,0.403048,0.596952,301,966,5690
quatorze,1730-1740,1760-1770,0.402673,0.597327,927,1398,5704
cherchent,1730-1740,1770-1780,0.40164,0.59836,408,1325,5699
impossible,1720-1730,1730-1740,0.4008,0.5992,1126,1536,5716
douze,1700-1710,1710-1720,0.400758,0.599242,1838,2877,5713
rendirent,1710-1720,1730-1740,0.400022,0.599978,266,1031,5688
trouvoient,1710-1720,1740-1750,0.400004,0.599996,332,960,5695
quitta,1710-1720,1720-1730,0.398346,0.601654,206,281,5684
étois,1700-1710,1710-1720,0.397817,0.602183,132,146,5702
fallut,1700-1710,1730-1740,0.397196,0.602804,401,706,5689
allé,1750-1760,1760-1770,0.39662,0.60338,519,483,5698
book,1700-1710,1789-1802,0.395729,0.604271,682,362,3925
pourrois,1710-1720,1720-1730,0.395599,0.604401,410,391,5696
xvii,1710-1720,1730-1740,0.395077,0.604923,452,940,5708
alloient,1750-1760,1760-1770,0.394471,0.605529,500,791,5691
contraint,1700-1710,1710-1720,0.390902,0.609098,432,576,5692
demandoit,1710-1720,1760-1770,0.390365,0.609635,340,908,5696
boeufs,1730-1740,1760-1770,0.388662,0.611338,408,1138,5666
froment,1720-1730,1760-1770,0.384899,0.615101,563,3989,5673
demandai,1700-1710,1710-1720,0.384398,0.615602,105,252,5601
convenir,1700-1710,1730-1740,0.381735,0.618265,434,1054,5713
parents,1700-1710,1750-1760,0.381556,0.618444,203,342,5662
cavalerie,1720-1730,1789-1802,0.379727,0.620273,1912,3209,5687
semaines,1710-1720,1750-1760,0.379587,0.620413,390,466,5683
veuille,1710-1720,1750-1760,0.377638,0.622362,477,874,5702
croient,1710-1720,1740-1750,0.374465,0.625535,253,1077,5704
vinrent,1700-1710,1730-1740,0.374188,0.625812,387,950,5685
portoient,1710-1720,1789-1802,0.37004,0.62996,366,910,5689
trouveroit,1720-1730,1770-1780,0.368917,0.631083,461,1430,5696
semblent,1710-1720,1789-1802,0.368631,0.631369,342,2155,5710
rendoit,1720-1730,1730-1740,0.365171,0.634829,471,1102,5700
sauroit,1700-1710,1740-1750,0.362687,0.637313,170,456,5675
ferions,1710-1720,1789-1802,0.360389,0.639611,171,674,5667
quarante,1700-1710,1750-1760,0.359447,0.640553,1713,2922,5707
voulois,1710-1720,1740-1750,0.358205,0.641795,248,854,5690
avions,1710-1720,1730-1740,0.358147,0.641853,812,940,5708
alloit,1710-1720,1750-1760,0.356533,0.643467,663,1697,5702
aurois,1710-1720,1720-1730,0.356487,0.643513,167,183,5703
allait,1740-1750,1760-1770,0.35601,0.64399,165,414,5641
aurions,1720-1730,1770-1780,0.355402,0.644598,481,821,5696
voudront,1700-1710,1750-1760,0.355047,0.644953,311,574,5694
pouvois,1710-1720,1720-1730,0.354652,0.645348,260,477,5691
sera,1710-1720,1720-1730,0.352464,0.647536,2361,1506,5717
falloit,1710-1720,1720-1730,0.352082,0.647918,1064,1935,5712
fauroit,1700-1710,1789-1802,0.351182,0.648818,506,1225,5672
étiez,1710-1720,1780-1789,0.350816,0.649184,248,1227,5685
paroissoit,1710-1720,1720-1730,0.349887,0.650113,348,449,5701
trouvèrent,1710-1720,1730-1740,0.347839,0.652161,239,383,5682
ferez,1710-1720,1740-1750,0.34569,0.65431,912,1272,5699
prenoit,1700-1710,1789-1802,0.345013,0.654987,438,1133,5696
décembre,1700-1710,1710-1720,0.342354,0.657646,417,711,5690
venait,1740-1750,1750-1760,0.341963,0.658037,158,287,5640
seroit,1710-1720,1720-1730,0.340121,0.659879,1610,1502,5709
servoit,1720-1730,1740-1750,0.339875,0.660125,553,804,5694
faudroit,1700-1710,1710-1720,0.336057,0.663943,741,1017,5707
pourrai,1720-1730,1770-1780,0.333903,0.666097,181,956,5682
aisé,1700-1710,1780-1789,0.333531,0.666469,705,2852,5709
avais,1700-1710,1750-1760,0.332839,0.667161,76,73,5649
venoient,1700-1710,1740-1750,0.331178,0.668822,333,1373,5691
aient,1700-1710,1720-1730,0.330739,0.669261,328,804,5711
treize,1710-1720,1760-1770,0.329532,0.670468,603,1112,5699
audit,1700-1710,1710-1720,0.329096,0.670904,1422,4007,5683
retira,1740-1750,1770-1780,0.325091,0.674909,895,1267,5686
feroient,1700-1710,1710-1720,0.324942,0.675058,1144,3031,5705
ferois,1700-1710,1730-1740,0.324863,0.675137,443,833,5688
serait,1720-1730,1770-1780,0.324573,0.675427,829,2562,5674
quatrième,1710-1720,1720-1730,0.324289,0.675711,719,763,5714
août,1720-1730,1730-1740,0.323602,0.676398,595,1690,5700
devez,1700-1710,1720-1730,0.322776,0.677224,568,598,5701
devois,1700-1710,1710-1720,0.320314,0.679686,287,181,5672
trente,1710-1720,1720-1730,0.319825,0.680175,2665,3052,5715
février,1700-1710,1730-1740,0.318438,0.681562,674,1922,5690
revint,1710-1720,1740-1750,0.318413,0.681587,461,1151,5689
seront,1710-1720,1720-1730,0.317792,0.682208,1232,738,5702
trouveront,1700-1710,1710-1720,0.31478,0.68522,354,659,5697
serai,1700-1710,1720-1730,0.312884,0.687116,218,200,5673
purent,1710-1720,1730-1740,0.308707,0.691293,362,675,5686
serais,1750-1760,1770-1780,0.307911,0.692089,187,459,5544
voulurent,1700-1710,1750-1760,0.307477,0.692523,267,566,5688
octobre,1720-1730,1789-1802,0.306164,0.693836,781,4631,5690
aviez,1720-1730,1730-1740,0.305241,0.694759,234,713,5695
laissoit,1710-1720,1750-1760,0.305192,0.694808,198,600,5684
auraient,1720-1730,1730-1740,0.303844,0.696156,129,175,5674
faudra,1710-1720,1730-1740,0.303371,0.696629,687,775,5706
doive,1710-1720,1760-1770,0.301449,0.698551,304,1095,5705
seroient,1710-1720,1720-1730,0.300418,0.699582,453,416,5687
voudroient,1710-1720,1740-1750,0.29926,0.70074,316,460,5692
voudroit,1720-1730,1740-1750,0.29853,0.70147,639,1026,5703
pourront,1700-1710,1720-1730,0.296847,0.703153,1304,1712,5707
pourra,1700-1710,1710-1720,0.281388,0.718612,1928,2695,5715
devait,1720-1730,1740-1750,0.280913,0.719087,327,275,5670
pleurs,1720-1730,1740-1750,0.278554,0.721446,472,994,5700
puissent,1710-1720,1730-1740,0.277822,0.722178,1522,1495,5711
serois,1710-1720,1730-1740,0.275196,0.724804,177,441,5679
pourriez,1710-1720,1720-1730,0.270809,0.729191,146,123,5680
pourrait,1720-1730,1740-1750,0.265306,0.734694,334,387,5690
aurait,1700-1710,1780-1789,0.264629,0.735371,432,2711,5690
ayent,1710-1720,1730-1740,0.25309,0.74691,1687,1457,5696
fussent,1710-1720,1740-1750,0.252281,0.747719,1223,1638,5710
devroient,1710-1720,1730-1740,0.248749,0.751251,220,341,5692
fallait,1720-1730,1730-1740,0.246945,0.753055,338,412,5648
pussent,1700-1710,1710-1720,0.240244,0.759756,154,302,5686
pourroient,1700-1710,1710-1720,0.238969,0.761031,917,1647,5706
devroit,1700-1710,1710-1720,0.229866,0.770134,471,592,5701
devoient,1700-1710,1710-1720,0.178736,0.821264,545,952,5693
